region,year,min,nominal,max
GLOBAL,1993,1900000.0,2500000.0,3400000.0
GLOBAL,1995,2000000.0,2700000.0,3700000.0
GLOBAL,2002,1900000.0,2600000.0,3500000.0
GLOBAL,2004,1800000.0,2400000.0,3300000.0
GLOBAL,2009,1600000.0,2200000.0,3000000.0
GLOBAL,2011,1500000.0,2100000.0,2800000.0
GLOBAL,2018,1200000.0,1700000.0,2300000.0
,1990,1100000.0,1400000.0,2000000.0
,1997,1500000.0,2000000.0,2700000.0
,1999,1500000.0,2000000.0,2700000.0
,2004,1300000.0,1800000.0,2400000.0
,2006,1300000.0,1700000.0,2300000.0
,2013,970000.0,1300000.0,1800000.0
,2015,880000.0,1200000.0,1600000.0
,1992,110000.0,160000.0,230000.0
,1994,110000.0,170000.0,240000.0
,1999,120000.0,190000.0,260000.0
,2001,120000.0,190000.0,260000.0
,2008,110000.0,170000.0,230000.0
,2010,110000.0,160000.0,230000.0
,2017,110000.0,170000.0,240000.0
,2019,110000.0,170000.0,240000.0
,1994,5800.0,7800.0,12000.0
,1996,8500.0,11000.0,17000.0
,2003,13000.0,17000.0,26000.0
,2005,20000.0,26000.0,40000.0
,2012,24000.0,32000.0,48000.0
,2014,26000.0,34000.0,52000.0
,2019,33000.0,44000.0,67000.0
,1991,36000.0,44000.0,54000.0
,1998,69000.0,83000.0,100000.0
,2000,78000.0,95000.0,120000.0
,2007,98000.0,120000.0,150000.0
,2009,100000.0,130000.0,150000.0
,2014,130000.0,160000.0,190000.0
,2016,140000.0,170000.0,210000.0
,1993,290000.0,400000.0,530000.0
,1995,270000.0,380000.0,490000.0
,2002,210000.0,290000.0,380000.0
,2004,160000.0,230000.0,300000.0
,2009,150000.0,220000.0,280000.0
,2011,150000.0,210000.0,280000.0
,2013,150000.0,210000.0,280000.0
,2018,120000.0,170000.0,220000.0
,1990,14000.0,23000.0,31000.0
,1997,74000.0,120000.0,160000.0
,1999,79000.0,130000.0,170000.0
,2004,81000.0,130000.0,170000.0
,2006,76000.0,120000.0,160000.0
,2008,71000.0,110000.0,150000.0
,2013,68000.0,110000.0,140000.0
,2015,69000.0,110000.0,150000.0
AFG,2000,,,660.0
DZA,2000,,,
BHS,2000,,,
BGD,2000,,,
BOL,2000,1200.0,1800.0,2600.0
BWA,2000,23000.0,26000.0,28000.0
BDI,2000,6900.0,8200.0,9800.0
CMR,2000,50000.0,58000.0,69000.0
COL,2000,8500.0,11000.0,15000.0
COG,2000,5600.0,6500.0,7400.0
PRK,2000,,,
DNK,2000,,,
SLV,2000,2200.0,2500.0,2900.0
ERI,2000,1000.0,1400.0,2000.0
GAB,2000,2600.0,3700.0,5000.0
GEO,2000,,,
GUY,2000,520.0,670.0,860.0
HND,2000,1700.0,2300.0,2900.0
IRN,2000,2100.0,4400.0,7400.0
ISR,2000,,,
KWT,2000,,,
LAO,2000,530.0,590.0,660.0
LUX,2000,,,
MWI,2000,80000.0,87000.0,93000.0
MRT,2000,,,
MEX,2000,,,
NPL,2000,4200.0,4600.0,5100.0
NZL,2000,,,
PAK,2000,,,
PNG,2000,2800.0,3300.0,3800.0
PRT,2000,,,
KOR,2000,,,
SRB,2000,,,
SGP,2000,,,
LKA,2000,,,510.0
SUR,2000,,,550.0
THA,2000,36000.0,41000.0,45000.0
TGO,2000,9000.0,12000.0,14000.0
TUN,2000,,,
ARE,2000,,,
TZA,2000,110000.0,120000.0,130000.0
ZMB,2000,61000.0,72000.0,86000.0
AFG,2001,,,820.0
ARM,2001,,,550.0
AUT,2001,,,
BHS,2001,,,
BEL,2001,,,
BEN,2001,2900.0,6100.0,12000.0
BGR,2001,,,
BDI,2001,6200.0,7400.0,8900.0
CAF,2001,11000.0,13000.0,15000.0
CHL,2001,2000.0,2300.0,2600.0
COL,2001,8500.0,11000.0,14000.0
HRV,2001,,,
CYP,2001,,,
ECU,2001,2000.0,2900.0,5000.0
SLV,2001,2300.0,2600.0,2900.0
FIN,2001,,,
GAB,2001,2700.0,3600.0,4700.0
GRC,2001,,,
GIN,2001,7900.0,9800.0,12000.0
IND,2001,,,
IRN,2001,2900.0,5000.0,8300.0
KAZ,2001,660.0,750.0,890.0
KWT,2001,,,
LSO,2001,28000.0,32000.0,36000.0
LBY,2001,,,
MLI,2001,,,
MRT,2001,,,
MMR,2001,24000.0,26000.0,29000.0
NPL,2001,4000.0,4400.0,4800.0
NGA,2001,74000.0,120000.0,210000.0
NOR,2001,,,
PHL,2001,,,
PRT,2001,,,
SAU,2001,,,
SRB,2001,,,
SOM,2001,1800.0,2200.0,2500.0
SSD,2001,9500.0,13000.0,18000.0
SYR,2001,,,
THA,2001,33000.0,37000.0,41000.0
UGA,2001,86000.0,97000.0,110000.0
ARE,2001,,,
UZB,2001,910.0,950.0,1100.0
VNM,2001,22000.0,25000.0,27000.0
AGO,2002,15000.0,18000.0,22000.0
ARM,2002,,,570.0
BRB,2002,,,
BEL,2002,,,
BIH,2002,,,
BRA,2002,23000.0,49000.0,71000.0
CAN,2002,,,
CAF,2002,10000.0,12000.0,14000.0
CRI,2002,,510.0,660.0
HRV,2002,,,
COD,2002,40000.0,48000.0,56000.0
DJI,2002,580.0,990.0,2000.0
EST,2002,,,
ETH,2002,27000.0,49000.0,86000.0
DEU,2002,,,
GRC,2002,,,
HTI,2002,11000.0,12000.0,13000.0
HUN,2002,,,
IND,2002,,,
ITA,2002,4200.0,6200.0,9800.0
JPN,2002,,,
LVA,2002,,,
LSO,2002,26000.0,29000.0,33000.0
MDG,2002,,550.0,770.0
MYS,2002,5200.0,6000.0,6800.0
MLI,2002,,,
MNG,2002,,,
MAR,2002,1000.0,1400.0,1800.0
NIC,2002,540.0,770.0,1300.0
NGA,2002,73000.0,120000.0,210000.0
PRY,2002,1500.0,2200.0,3400.0
PHL,2002,,,570.0
MDA,2002,810.0,1100.0,1500.0
RUS,2002,,,
SVK,2002,,,
SOM,2002,1800.0,2100.0,2300.0
SWE,2002,,,
SYR,2002,,,
TTO,2002,900.0,1000.0,1200.0
TUR,2002,,,
USA,2002,33000.0,40000.0,47000.0
UZB,2002,1100.0,1100.0,1300.0
ALB,2003,,,
AGO,2003,16000.0,20000.0,25000.0
AZE,2003,620.0,1100.0,1800.0
BHR,2003,,,
BTN,2003,,,
BIH,2003,,,
KHM,2003,5400.0,6000.0,6600.0
CAN,2003,,,
CHN,2003,,,
COM,2003,,,
CZE,2003,,,
COD,2003,39000.0,47000.0,54000.0
GNQ,2003,1900.0,2400.0,3000.0
EST,2003,,,
FRA,2003,6800.0,8100.0,9600.0
GMB,2003,1500.0,2000.0,2600.0
GNB,2003,3100.0,3600.0,4200.0
HTI,2003,10000.0,11000.0,13000.0
IRL,2003,,,
ITA,2003,4100.0,6400.0,9800.0
KEN,2003,66000.0,100000.0,160000.0
KGZ,2003,,,
LTU,2003,,,
MDG,2003,,640.0,910.0
MUS,2003,1200.0,1500.0,1800.0
MNG,2003,,,
NAM,2003,13000.0,15000.0,16000.0
NLD,2003,1000.0,1100.0,1200.0
OMN,2003,,,
PAN,2003,,,
QAT,2003,,,
MDA,2003,860.0,1200.0,1600.0
SEN,2003,4300.0,4900.0,5600.0
SLE,2003,5200.0,6000.0,7000.0
SVK,2003,,,
ESP,2003,3500.0,4800.0,6000.0
SDN,2003,4000.0,4900.0,6600.0
TLS,2003,,,
TTO,2003,860.0,990.0,1100.0
UKR,2003,23000.0,26000.0,30000.0
GBR,2003,,,
USA,2003,34000.0,40000.0,47000.0
YEM,2003,,,630.0
ZWE,2003,64000.0,91000.0,130000.0
AUS,2004,,720.0,1000.0
AZE,2004,580.0,950.0,1500.0
BLR,2004,900.0,1100.0,1500.0
BLZ,2004,,,
BTN,2004,,,
BRN,2004,,,
BFA,2004,6500.0,8100.0,10000.0
TCD,2004,7100.0,8900.0,11000.0
CHN,2004,,,
CUB,2004,760.0,1300.0,2000.0
CZE,2004,,,
DOM,2004,4300.0,5500.0,7500.0
EGY,2004,,,990.0
FJI,2004,,,
FRA,2004,6100.0,7300.0,8700.0
GTM,2004,2000.0,2700.0,3600.0
GNB,2004,2900.0,3400.0,3900.0
ISL,2004,,,
IDN,2004,,,
JOR,2004,,,
KEN,2004,63000.0,98000.0,150000.0
LBR,2004,3300.0,3800.0,4500.0
LTU,2004,,,
MDV,2004,,,
MLT,2004,,,
MOZ,2004,95000.0,150000.0,230000.0
NAM,2004,13000.0,14000.0,15000.0
MKD,2004,,,
OMN,2004,,,
PER,2004,3500.0,4200.0,5100.0
POL,2004,,,
RWA,2004,13000.0,14000.0,16000.0
SEN,2004,4100.0,4600.0,5300.0
ZAF,2004,510000.0,540000.0,560000.0
ESP,2004,3500.0,4800.0,6000.0
CHE,2004,,,690.0
TJK,2004,,,610.0
TKM,2004,,,
UKR,2004,21000.0,24000.0,28000.0
VEN,2004,8800.0,11000.0,12000.0
YEM,2004,,,770.0
DZA,2005,,640.0,920.0
ARG,2005,5200.0,6100.0,7700.0
BGD,2005,,,
BLR,2005,1100.0,1300.0,1700.0
BWA,2005,16000.0,17000.0,18000.0
BRN,2005,,,
CMR,2005,38000.0,42000.0,45000.0
CPV,2005,,,
TCD,2005,7200.0,9100.0,11000.0
COG,2005,4900.0,5900.0,6900.0
CIV,2005,33000.0,38000.0,45000.0
DNK,2005,,,
DOM,2005,4000.0,5100.0,6900.0
ERI,2005,790.0,1200.0,1600.0
SWZ,2005,14000.0,15000.0,16000.0
FJI,2005,,,
GEO,2005,,,
GHA,2005,19000.0,23000.0,28000.0
HND,2005,670.0,940.0,1300.0
ISL,2005,,,
ISR,2005,,,
JAM,2005,1600.0,2100.0,3200.0
JOR,2005,,,
LAO,2005,860.0,950.0,1100.0
LBN,2005,,,
MWI,2005,63000.0,68000.0,73000.0
MDV,2005,,,
MNE,2005,,,
MOZ,2005,95000.0,150000.0,230000.0
NZL,2005,,,
NER,2005,2600.0,3200.0,3900.0
PNG,2005,3000.0,3400.0,3900.0
PER,2005,3400.0,4200.0,5100.0
ROU,2005,780.0,930.0,1100.0
RWA,2005,12000.0,13000.0,14000.0
SGP,2005,,,550.0
SVN,2005,,,
SUR,2005,,,
CHE,2005,,520.0,720.0
TUN,2005,,,
TKM,2005,,,
TZA,2005,100000.0,110000.0,110000.0
URY,2005,,,
AFG,2006,,520.0,1300.0
DZA,2006,,730.0,1000.0
BHS,2006,,,
BGD,2006,,,
BEN,2006,2600.0,5500.0,11000.0
BOL,2006,800.0,1100.0,1400.0
BDI,2006,4400.0,5500.0,6700.0
CMR,2006,36000.0,40000.0,43000.0
COL,2006,7600.0,9900.0,12000.0
COG,2006,5000.0,6000.0,7000.0
CYP,2006,,,
PRK,2006,,,
SLV,2006,2000.0,2300.0,2700.0
ERI,2006,770.0,1100.0,1500.0
GAB,2006,2200.0,2800.0,3600.0
GEO,2006,,,
GIN,2006,6700.0,8200.0,10000.0
GUY,2006,530.0,630.0,710.0
IRN,2006,3500.0,5400.0,7600.0
ISR,2006,,,
KWT,2006,,,
LAO,2006,870.0,970.0,1100.0
LBY,2006,,630.0,840.0
LUX,2006,,,
MRT,2006,,,
MEX,2006,,,
NPL,2006,3000.0,3400.0,3700.0
NZL,2006,,,
NOR,2006,,,
PAK,2006,7900.0,9400.0,11000.0
PNG,2006,2600.0,3000.0,3400.0
PRT,2006,,,
KOR,2006,,,
SRB,2006,,,
SGP,2006,,550.0,610.0
SSD,2006,11000.0,14000.0,18000.0
LKA,2006,,,
SUR,2006,,,
THA,2006,20000.0,22000.0,25000.0
TGO,2006,7200.0,8700.0,11000.0
ARE,2006,,,
TZA,2006,99000.0,110000.0,110000.0
ZMB,2006,53000.0,62000.0,75000.0
AFG,2007,,560.0,1400.0
ARM,2007,,,
AUT,2007,,,
BEL,2007,,,
BEN,2007,2500.0,5200.0,10000.0
BGR,2007,,,
BDI,2007,4200.0,5200.0,6300.0
CAF,2007,8500.0,10000.0,13000.0
CHL,2007,2000.0,2300.0,2700.0
HRV,2007,,,
CYP,2007,,,
ECU,2007,1800.0,2700.0,5000.0
SLV,2007,1900.0,2200.0,2600.0
ETH,2007,18000.0,34000.0,60000.0
FIN,2007,,,
GRC,2007,,,
GIN,2007,6200.0,7700.0,9500.0
IND,2007,,,
IRN,2007,3400.0,5200.0,7600.0
JPN,2007,,,
KAZ,2007,1300.0,1500.0,1600.0
LSO,2007,20000.0,23000.0,24000.0
LBY,2007,,680.0,910.0
MLI,2007,,,
MRT,2007,,,
MAR,2007,1000.0,1300.0,1800.0
MMR,2007,18000.0,20000.0,22000.0
NGA,2007,70000.0,120000.0,200000.0
NOR,2007,,,
PHL,2007,1500.0,1800.0,2100.0
PRT,2007,,,
RUS,2007,,,
SAU,2007,,,
SOM,2007,1000.0,1300.0,1500.0
SSD,2007,11000.0,14000.0,19000.0
SYR,2007,,,
THA,2007,18000.0,20000.0,22000.0
TUR,2007,,,
UGA,2007,89000.0,99000.0,110000.0
UZB,2007,2900.0,3000.0,3100.0
VNM,2007,19000.0,21000.0,23000.0
AGO,2008,21000.0,25000.0,30000.0
ARM,2008,,,
BHR,2008,,,
BRB,2008,,,
BEL,2008,,,
BIH,2008,,,
BRA,2008,19000.0,42000.0,61000.0
CAN,2008,,,
CAF,2008,8000.0,9700.0,12000.0
COM,2008,,,
CRI,2008,,680.0,870.0
HRV,2008,,,
COD,2008,33000.0,40000.0,48000.0
DJI,2008,,,760.0
EST,2008,,,
ETH,2008,17000.0,31000.0,54000.0
GMB,2008,1500.0,2000.0,2700.0
DEU,2008,,,
GLOBAL,1990,1400000.0,1900000.0,2600000.0
GLOBAL,1991,1600000.0,2200000.0,2900000.0
GLOBAL,2005,1800000.0,2400000.0,3200000.0
GLOBAL,2006,1700000.0,2300000.0,3200000.0
GLOBAL,2007,1700000.0,2300000.0,3100000.0
GLOBAL,2008,1700000.0,2200000.0,3000000.0
,1991,1200000.0,1600000.0,2200000.0
,1992,1300000.0,1800000.0,2400000.0
,1993,1400000.0,1900000.0,2600000.0
,1994,1500000.0,1900000.0,2700000.0
,1995,1500000.0,2000000.0,2700000.0
,2008,1200000.0,1600000.0,2200000.0
,2009,1200000.0,1500000.0,2100000.0
,2010,1100000.0,1500000.0,2000000.0
,2011,1100000.0,1400000.0,2000000.0
,1995,120000.0,180000.0,250000.0
,1996,120000.0,180000.0,250000.0
,1997,120000.0,180000.0,250000.0
,1998,120000.0,190000.0,260000.0
,2012,110000.0,170000.0,230000.0
,2013,110000.0,170000.0,230000.0
,2014,110000.0,170000.0,240000.0
,2015,110000.0,170000.0,240000.0
,1998,10000.0,14000.0,21000.0
,1999,11000.0,15000.0,22000.0
,2000,12000.0,16000.0,24000.0
,2001,12000.0,17000.0,25000.0
,2002,13000.0,17000.0,26000.0
,2015,27000.0,36000.0,55000.0
,2016,28000.0,37000.0,57000.0
,2017,29000.0,38000.0,59000.0
,2018,31000.0,41000.0,63000.0
,2002,83000.0,100000.0,120000.0
,2003,86000.0,100000.0,130000.0
,2004,90000.0,110000.0,130000.0
,2005,92000.0,110000.0,140000.0
,2018,150000.0,190000.0,230000.0
,2019,160000.0,190000.0,240000.0
,1990,170000.0,240000.0,310000.0
,1991,230000.0,320000.0,420000.0
,1992,270000.0,380000.0,500000.0
,2005,160000.0,230000.0,300000.0
,2006,160000.0,230000.0,300000.0
,2007,160000.0,230000.0,300000.0
,2008,160000.0,220000.0,290000.0
,1992,25000.0,40000.0,53000.0
,1993,32000.0,50000.0,67000.0
,1994,87000.0,140000.0,180000.0
,1995,81000.0,130000.0,170000.0
,2009,69000.0,110000.0,150000.0
,2010,69000.0,110000.0,150000.0
,2011,68000.0,110000.0,140000.0
,2012,68000.0,110000.0,140000.0
ARG,2000,5200.0,6200.0,7400.0
ARM,2000,,,520.0
AUS,2000,,650.0,900.0
AUT,2000,,,
BRA,2000,24000.0,51000.0,74000.0
BRN,2000,,,
BGR,2000,,,
BFA,2000,8400.0,10000.0,12000.0
CIV,2000,47000.0,56000.0,65000.0
HRV,2000,,,
CUB,2000,,780.0,1200.0
CYP,2000,,,
SWZ,2000,15000.0,16000.0,18000.0
ETH,2000,32000.0,58000.0,100000.0
FJI,2000,,,
FIN,2000,,,
HUN,2000,,,
ISL,2000,,,
IND,2000,,,
IDN,2000,,,
LBN,2000,,,
LSO,2000,31000.0,35000.0,39000.0
LBR,2000,4300.0,5200.0,6400.0
LBY,2000,,,
MNE,2000,,,
MAR,2000,960.0,1300.0,1700.0
MOZ,2000,91000.0,140000.0,220000.0
MMR,2000,24000.0,27000.0,30000.0
NAM,2000,16000.0,18000.0,21000.0
PRY,2000,1500.0,2400.0,4100.0
PER,2000,3600.0,4400.0,5300.0
PHL,2000,,,
POL,2000,,,
SVN,2000,,,
SOM,2000,1900.0,2200.0,2500.0
ZAF,2000,510000.0,540000.0,580000.0
SSD,2000,9200.0,13000.0,18000.0
TUR,2000,,,
TKM,2000,,,
UGA,2000,86000.0,96000.0,110000.0
UKR,2000,27000.0,30000.0,34000.0
ALB,2001,,,
DZA,2001,,,550.0
AGO,2001,13000.0,17000.0,20000.0
ARG,2001,5000.0,6000.0,7300.0
BOL,2001,1000.0,1400.0,2000.0
BIH,2001,,,
BWA,2001,22000.0,24000.0,25000.0
BRA,2001,24000.0,50000.0,73000.0
COM,2001,,,
COG,2001,5300.0,6200.0,7000.0
CRI,2001,,,620.0
CIV,2001,43000.0,51000.0,58000.0
GNQ,2001,1600.0,2100.0,2800.0
ERI,2001,960.0,1300.0,1900.0
EST,2001,,,
SWZ,2001,14000.0,16000.0,17000.0
ETH,2001,29000.0,53000.0,92000.0
GUY,2001,620.0,770.0,940.0
HTI,2001,11000.0,12000.0,14000.0
HND,2001,1300.0,1800.0,2400.0
HUN,2001,,,
KGZ,2001,,,
LAO,2001,710.0,790.0,870.0
LVA,2001,,,
LBN,2001,,,
MEX,2001,,,
MNG,2001,,,
MNE,2001,,,
MAR,2001,1000.0,1300.0,1800.0
PAK,2001,,,
PAN,2001,,,
PNG,2001,3300.0,3800.0,4400.0
PRY,2001,1500.0,2300.0,3800.0
SLE,2001,4800.0,5800.0,6600.0
SGP,2001,,,
SVK,2001,,,
SVN,2001,,,
TGO,2001,8400.0,11000.0,13000.0
TTO,2001,940.0,1100.0,1200.0
TUN,2001,,,
TUR,2001,,,
ZMB,2001,60000.0,70000.0,85000.0
ZWE,2001,72000.0,100000.0,140000.0
AFG,2002,,,880.0
ALB,2002,,,
DZA,2002,,,630.0
BLZ,2002,,,
BEN,2002,2800.0,5800.0,12000.0
BTN,2002,,,
BOL,2002,900.0,1200.0,1600.0
CHL,2002,1900.0,2200.0,2500.0
CHN,2002,,,
COL,2002,8100.0,10000.0,13000.0
COM,2002,,,
ECU,2002,1900.0,2700.0,4700.0
EGY,2002,,,890.0
SLV,2002,2200.0,2600.0,2900.0
GNQ,2002,1700.0,2200.0,2800.0
ERI,2002,940.0,1300.0,1800.0
GTM,2002,2100.0,2800.0,3700.0
GIN,2002,7600.0,9400.0,11000.0
GNB,2002,3300.0,3800.0,4500.0
GUY,2002,660.0,790.0,940.0
KAZ,2002,740.0,830.0,970.0
KEN,2002,69000.0,110000.0,170000.0
KWT,2002,,,
KGZ,2002,,,
MLT,2002,,,
MRT,2002,,,
MUS,2002,1100.0,1400.0,1800.0
MEX,2002,,,
MKD,2002,,,
NOR,2002,,,
OMN,2002,,,
PAK,2002,,,
PAN,2002,,,
SAU,2002,,,
SEN,2002,4600.0,5200.0,5900.0
SRB,2002,,,
SLE,2002,5100.0,6000.0,7000.0
TJK,2002,,,
THA,2002,30000.0,34000.0,38000.0
TLS,2002,,,
TGO,2002,7900.0,9900.0,12000.0
VEN,2002,9000.0,11000.0,12000.0
VNM,2002,23000.0,25000.0,28000.0
YEM,2002,,,580.0
ZMB,2002,59000.0,69000.0,83000.0
ZWE,2002,68000.0,97000.0,130000.0
BRB,2003,,,
BLR,2003,730.0,920.0,1100.0
BEL,2003,,,
BLZ,2003,,,
CPV,2003,,,
CAF,2003,10000.0,12000.0,14000.0
TCD,2003,7700.0,9600.0,12000.0
CHL,2003,1800.0,2100.0,2400.0
DJI,2003,,750.0,1300.0
DOM,2003,4800.0,6100.0,8300.0
ECU,2003,1700.0,2500.0,4500.0
EGY,2003,,,1000.0
DEU,2003,,,
GHA,2003,20000.0,24000.0,29000.0
GRC,2003,,,
GTM,2003,2200.0,2900.0,3800.0
GIN,2003,7200.0,9000.0,11000.0
JAM,2003,1600.0,2100.0,3000.0
JPN,2003,,,
JOR,2003,,,
KAZ,2003,840.0,940.0,1100.0
MYS,2003,5200.0,5900.0,6600.0
MDV,2003,,,
MLI,2003,,,
MLT,2003,,,
NIC,2003,510.0,680.0,1100.0
NER,2003,3200.0,4000.0,4900.0
NGA,2003,72000.0,120000.0,200000.0
MKD,2003,,,
NOR,2003,,,
ROU,2003,890.0,1000.0,1200.0
RUS,2003,,,
RWA,2003,15000.0,16000.0,17000.0
SAU,2003,,,
SWE,2003,,,
CHE,2003,,,660.0
SYR,2003,,,
TJK,2003,,,
URY,2003,,,
UZB,2003,1300.0,1300.0,1500.0
VEN,2003,9100.0,11000.0,12000.0
VNM,2003,23000.0,26000.0,28000.0
BHS,2004,,,
BHR,2004,,,
BGD,2004,,,
BRB,2004,,,
KHM,2004,4700.0,5200.0,5700.0
CMR,2004,40000.0,44000.0,49000.0
CAN,2004,,,
CPV,2004,,,
PRK,2004,,,
COD,2004,37000.0,45000.0,53000.0
DNK,2004,,,
DJI,2004,,670.0,1100.0
GAB,2004,2500.0,3100.0,3900.0
GMB,2004,1500.0,2000.0,2600.0
GEO,2004,,,
DEU,2004,,,
GHA,2004,18000.0,22000.0,27000.0
IRL,2004,,,
ISR,2004,,,
ITA,2004,3800.0,6400.0,9800.0
JAM,2004,1600.0,2200.0,3200.0
LUX,2004,,,
MDG,2004,,720.0,980.0
MWI,2004,67000.0,72000.0,76000.0
MYS,2004,5100.0,5800.0,6500.0
NLD,2004,1000.0,1100.0,1200.0
NZL,2004,,,
NIC,2004,530.0,690.0,1000.0
NER,2004,2800.0,3500.0,4300.0
QAT,2004,,,
KOR,2004,,,
MDA,2004,920.0,1300.0,1700.0
ROU,2004,820.0,960.0,1100.0
LKA,2004,,,500.0
SDN,2004,4000.0,5000.0,6500.0
SUR,2004,,,
SWE,2004,,,
GBR,2004,,,
TZA,2004,100000.0,110000.0,120000.0
USA,2004,34000.0,41000.0,48000.0
URY,2004,,,
AUS,2005,510.0,760.0,1100.0
AUT,2005,,,
AZE,2005,610.0,910.0,1500.0
BHS,2005,,,
BHR,2005,,,
BGR,2005,,,
BFA,2005,6100.0,7600.0,9400.0
BDI,2005,4600.0,5600.0,6800.0
KHM,2005,4000.0,4500.0,4900.0
CUB,2005,850.0,1500.0,2300.0
CYP,2005,,,
CZE,2005,,,
PRK,2005,,,
FIN,2005,,,
FRA,2005,6100.0,7300.0,8800.0
GAB,2005,2300.0,2900.0,3700.0
GMB,2005,1500.0,2000.0,2700.0
IND,2005,,,
IDN,2005,,,
IRN,2005,3700.0,5600.0,8400.0
IRL,2005,,,
LBR,2005,3200.0,3700.0,4500.0
LBY,2005,,580.0,770.0
LTU,2005,,,
LUX,2005,,,
MMR,2005,20000.0,22000.0,25000.0
NAM,2005,12000.0,13000.0,14000.0
NPL,2005,3400.0,3800.0,4100.0
NLD,2005,1000.0,1100.0,1200.0
PHL,2005,910.0,1100.0,1300.0
POL,2005,,,
PRT,2005,,,
QAT,2005,,,
KOR,2005,,,
ZAF,2005,510000.0,530000.0,560000.0
SSD,2005,10000.0,14000.0,18000.0
ESP,2005,3500.0,4800.0,6000.0
LKA,2005,,,
UGA,2005,87000.0,97000.0,110000.0
UKR,2005,19000.0,22000.0,25000.0
ARE,2005,,,
GBR,2005,,,
ARG,2006,5100.0,6000.0,7500.0
ARM,2006,,,520.0
AUS,2006,560.0,820.0,1200.0
AUT,2006,,,
BWA,2006,15000.0,16000.0,17000.0
BRA,2006,18000.0,40000.0,58000.0
BRN,2006,,,
BGR,2006,,,
CRI,2006,,620.0,790.0
CIV,2006,31000.0,36000.0,42000.0
HRV,2006,,,
CUB,2006,940.0,1600.0,2500.0
SWZ,2006,14000.0,14000.0,15000.0
ETH,2006,19000.0,36000.0,63000.0
FJI,2006,,,
FIN,2006,,,
HND,2006,630.0,880.0,1200.0
HUN,2006,,,
ISL,2006,,,
IND,2006,,,
IDN,2006,,,
LVA,2006,,,520.0
LBN,2006,,,
LSO,2006,20000.0,23000.0,25000.0
LBR,2006,3100.0,3600.0,4400.0
MNE,2006,,,
MAR,2006,1000.0,1300.0,1800.0
MOZ,2006,96000.0,150000.0,240000.0
MMR,2006,19000.0,21000.0,23000.0
PRY,2006,940.0,1300.0,2400.0
PER,2006,3800.0,4500.0,5300.0
PHL,2006,1200.0,1400.0,1600.0
POL,2006,,,
SVK,2006,,,
SVN,2006,,,
SOM,2006,1200.0,1400.0,1700.0
ZAF,2006,490000.0,520000.0,550000.0
TUN,2006,,,
TUR,2006,,,
TKM,2006,,,
UGA,2006,88000.0,98000.0,110000.0
ALB,2007,,,
DZA,2007,510.0,810.0,1200.0
AGO,2007,20000.0,24000.0,30000.0
ARG,2007,5200.0,6100.0,7500.0
BTN,2007,,,
BOL,2007,800.0,1100.0,1400.0
BIH,2007,,,
BWA,2007,15000.0,16000.0,17000.0
BRA,2007,20000.0,42000.0,61000.0
COL,2007,7500.0,9600.0,12000.0
COM,2007,,,
COG,2007,5000.0,6000.0,7000.0
CRI,2007,,650.0,830.0
GNQ,2007,2500.0,3100.0,3800.0
ERI,2007,720.0,1000.0,1400.0
EST,2007,,,
SWZ,2007,13000.0,14000.0,15000.0
GUY,2007,,560.0,630.0
HTI,2007,8400.0,9500.0,11000.0
HND,2007,620.0,850.0,1200.0
HUN,2007,,,
KWT,2007,,,
KGZ,2007,580.0,580.0,580.0
LAO,2007,940.0,1000.0,1100.0
LVA,2007,,,530.0
MUS,2007,940.0,1200.0,1400.0
MEX,2007,,,
MNG,2007,,,
MNE,2007,,,
PAK,2007,9800.0,11000.0,13000.0
PAN,2007,,,
PNG,2007,2400.0,2700.0,3100.0
PRY,2007,870.0,1200.0,2200.0
SRB,2007,,,
SLE,2007,5600.0,6400.0,7400.0
SGP,2007,510.0,590.0,670.0
SVK,2007,,,
SVN,2007,,,
TLS,2007,,,
TGO,2007,7000.0,8600.0,10000.0
TTO,2007,560.0,680.0,780.0
TUN,2007,,,530.0
ZMB,2007,53000.0,62000.0,75000.0
ZWE,2007,55000.0,78000.0,110000.0
AFG,2008,,600.0,1500.0
ALB,2008,,,
BLZ,2008,,,
BEN,2008,2500.0,5200.0,10000.0
BTN,2008,,,
BOL,2008,840.0,1100.0,1400.0
TCD,2008,6500.0,8300.0,9900.0
CHL,2008,2200.0,2500.0,3000.0
CHN,2008,,,
COL,2008,6500.0,9200.0,12000.0
ECU,2008,1800.0,2700.0,5200.0
EGY,2008,,660.0,1100.0
SLV,2008,1700.0,2000.0,2400.0
GNQ,2008,2600.0,3200.0,4000.0
GTM,2008,1700.0,2400.0,3400.0
GIN,2008,6300.0,7700.0,9400.0
GLOBAL,1996,2000000.0,2700000.0,3700000.0
GLOBAL,1997,2000000.0,2800000.0,3700000.0
GLOBAL,1998,2000000.0,2800000.0,3700000.0
GLOBAL,1999,2000000.0,2800000.0,3700000.0
GLOBAL,2000,2000000.0,2700000.0,3700000.0
GLOBAL,2013,1400000.0,2000000.0,2600000.0
GLOBAL,2014,1400000.0,1900000.0,2600000.0
GLOBAL,2015,1400000.0,1900000.0,2500000.0
GLOBAL,2016,1300000.0,1800000.0,2400000.0
,2000,1500000.0,1900000.0,2700000.0
,2001,1400000.0,1900000.0,2600000.0
,2002,1400000.0,1800000.0,2500000.0
,2003,1400000.0,1800000.0,2500000.0
,2017,810000.0,1100000.0,1500000.0
,2018,760000.0,1000000.0,1400000.0
,2019,730000.0,970000.0,1300000.0
,1990,100000.0,150000.0,210000.0
,2003,120000.0,180000.0,250000.0
,2004,110000.0,170000.0,240000.0
,2005,110000.0,170000.0,240000.0
,2006,110000.0,160000.0,230000.0
,1990,2500.0,3300.0,5000.0
,1991,3000.0,4000.0,6100.0
,1992,3800.0,5100.0,7700.0
,1993,4800.0,6400.0,9800.0
,2007,21000.0,28000.0,42000.0
,2008,22000.0,30000.0,45000.0
,2009,23000.0,31000.0,47000.0
,2010,22000.0,30000.0,46000.0
,1993,43000.0,52000.0,64000.0
,1994,50000.0,61000.0,75000.0
,1995,57000.0,69000.0,85000.0
,1996,62000.0,75000.0,92000.0
,1997,65000.0,79000.0,97000.0
,2010,110000.0,130000.0,160000.0
,2011,110000.0,140000.0,170000.0
,2012,120000.0,140000.0,180000.0
,2013,120000.0,150000.0,180000.0
,1997,260000.0,370000.0,480000.0
,1998,260000.0,370000.0,490000.0
,1999,270000.0,380000.0,490000.0
,2000,250000.0,350000.0,460000.0
,2014,150000.0,210000.0,270000.0
,2015,150000.0,200000.0,270000.0
,2016,140000.0,190000.0,250000.0
,2017,130000.0,180000.0,230000.0
,2000,79000.0,130000.0,170000.0
,2001,80000.0,130000.0,170000.0
,2002,81000.0,130000.0,170000.0
,2003,81000.0,130000.0,170000.0
,2017,69000.0,110000.0,150000.0
,2018,70000.0,110000.0,150000.0
,2019,71000.0,110000.0,150000.0
BRB,2000,,,
BLR,2000,,,540.0
BEL,2000,,,
BLZ,2000,,,
BEN,2000,3000.0,6200.0,12000.0
CPV,2000,,,
CAF,2000,11000.0,13000.0,16000.0
TCD,2000,7700.0,9900.0,12000.0
CHL,2000,2000.0,2300.0,2600.0
DJI,2000,920.0,1700.0,3400.0
DOM,2000,6500.0,8500.0,11000.0
ECU,2000,1900.0,2800.0,5000.0
EGY,2000,,,630.0
GHA,2000,22000.0,27000.0,32000.0
GRC,2000,,,
GTM,2000,2100.0,2800.0,3600.0
GIN,2000,8100.0,10000.0,12000.0
JAM,2000,2100.0,2700.0,4100.0
JPN,2000,,,
JOR,2000,,,
KAZ,2000,580.0,670.0,850.0
MYS,2000,5200.0,6000.0,6800.0
MDV,2000,,,
MLI,2000,,,
MLT,2000,,,
NER,2000,4100.0,5100.0,6200.0
NGA,2000,76000.0,130000.0,220000.0
MKD,2000,,,
NOR,2000,,,
ROU,2000,1200.0,1300.0,1400.0
RUS,2000,,,
RWA,2000,19000.0,21000.0,24000.0
SAU,2000,,,
SEN,2000,4700.0,5500.0,6200.0
SWE,2000,,,
CHE,2000,,,640.0
SYR,2000,,,
TJK,2000,,,
URY,2000,,,
UZB,2000,740.0,780.0,880.0
VEN,2000,8000.0,9100.0,11000.0
VNM,2000,22000.0,24000.0,26000.0
BHR,2001,,,
BGD,2001,,,
BRB,2001,,,
BLR,2001,,550.0,680.0
KHM,2001,7300.0,8100.0,8800.0
CMR,2001,47000.0,55000.0,64000.0
CAN,2001,,,
CPV,2001,,,
PRK,2001,,,
COD,2001,41000.0,49000.0,57000.0
DNK,2001,,,
DJI,2001,690.0,1300.0,2700.0
GMB,2001,1500.0,2100.0,2800.0
GEO,2001,,,
DEU,2001,,,
GHA,2001,22000.0,26000.0,31000.0
IRL,2001,,,
ISR,2001,,,
ITA,2001,4200.0,5900.0,9500.0
JAM,2001,2000.0,2600.0,3900.0
JPN,2001,,,
LUX,2001,,,
MDG,2001,,510.0,710.0
MWI,2001,77000.0,83000.0,88000.0
MYS,2001,5400.0,6200.0,7000.0
NLD,2001,1000.0,1100.0,1200.0
NZL,2001,,,
NIC,2001,580.0,900.0,1500.0
NER,2001,3800.0,4700.0,5800.0
KOR,2001,,,
MDA,2001,810.0,1100.0,1500.0
ROU,2001,1100.0,1200.0,1400.0
RUS,2001,,,
LKA,2001,,,510.0
SDN,2001,3400.0,4500.0,6100.0
SUR,2001,,,520.0
SWE,2001,,,
GBR,2001,,,
TZA,2001,110000.0,120000.0,130000.0
USA,2001,33000.0,39000.0,46000.0
URY,2001,,,
AUT,2002,,,
AZE,2002,680.0,1300.0,2000.0
BHS,2002,,,
BHR,2002,,,
BGR,2002,,,
BFA,2002,7300.0,9000.0,11000.0
BDI,2002,5900.0,7000.0,8500.0
KHM,2002,6200.0,6800.0,7500.0
CMR,2002,45000.0,51000.0,58000.0
CUB,2002,600.0,1000.0,1600.0
CYP,2002,,,
CZE,2002,,,
PRK,2002,,,
FIN,2002,,,
FRA,2002,5900.0,7000.0,8300.0
GAB,2002,2600.0,3400.0,4200.0
GMB,2002,1500.0,2000.0,2700.0
IDN,2002,,,
IRN,2002,3500.0,5300.0,8300.0
IRL,2002,,,
ISR,2002,,,
LBR,2002,3700.0,4400.0,5100.0
LBY,2002,,,
LTU,2002,,,
LUX,2002,,,
MMR,2002,23000.0,25000.0,28000.0
NAM,2002,14000.0,16000.0,17000.0
NPL,2002,3900.0,4300.0,4800.0
NLD,2002,1000.0,1100.0,1200.0
POL,2002,,,
PRT,2002,,,
QAT,2002,,,
KOR,2002,,,
ZAF,2002,520000.0,540000.0,580000.0
SSD,2002,9300.0,13000.0,17000.0
ESP,2002,3500.0,4800.0,6000.0
LKA,2002,,,520.0
SDN,2002,3700.0,4700.0,6200.0
UGA,2002,86000.0,97000.0,110000.0
UKR,2002,25000.0,28000.0,32000.0
ARE,2002,,,
GBR,2002,,,
ARG,2003,4800.0,5700.0,7000.0
ARM,2003,,,590.0
AUS,2003,,680.0,960.0
AUT,2003,,,
BRA,2003,22000.0,47000.0,69000.0
BRN,2003,,,
BGR,2003,,,
BFA,2003,7000.0,8500.0,10000.0
CRI,2003,,540.0,690.0
CIV,2003,38000.0,45000.0,52000.0
HRV,2003,,,
CUB,2003,680.0,1200.0,1800.0
SWZ,2003,14000.0,15000.0,16000.0
ETH,2003,24000.0,44000.0,78000.0
FJI,2003,,,
FIN,2003,,,
HUN,2003,,,
ISL,2003,,,
IND,2003,,,
IDN,2003,,,
LVA,2003,,,
LBN,2003,,,
LSO,2003,24000.0,27000.0,30000.0
LBR,2003,3400.0,4000.0,4700.0
LBY,2003,,,540.0
MNE,2003,,,
MAR,2003,1100.0,1400.0,1900.0
MOZ,2003,95000.0,150000.0,230000.0
MMR,2003,22000.0,24000.0,27000.0
PRY,2003,1100.0,1600.0,2600.0
PER,2003,3500.0,4300.0,5100.0
PHL,2003,550.0,660.0,750.0
POL,2003,,,
SVN,2003,,,
SOM,2003,1600.0,1900.0,2200.0
ZAF,2003,510000.0,540000.0,570000.0
SSD,2003,9700.0,13000.0,17000.0
TUN,2003,,,
TUR,2003,,,
TKM,2003,,,
UGA,2003,86000.0,97000.0,110000.0
ALB,2004,,,
DZA,2004,,570.0,800.0
AGO,2004,17000.0,21000.0,26000.0
ARG,2004,5100.0,6100.0,7400.0
BOL,2004,790.0,1100.0,1500.0
BIH,2004,,,
BWA,2004,18000.0,19000.0,20000.0
BRA,2004,20000.0,43000.0,62000.0
COL,2004,7300.0,9300.0,11000.0
COM,2004,,,
COG,2004,5000.0,5900.0,6700.0
CRI,2004,,570.0,730.0
CIV,2004,36000.0,41000.0,48000.0
GNQ,2004,2000.0,2500.0,3200.0
ERI,2004,870.0,1200.0,1700.0
EST,2004,,,
SWZ,2004,14000.0,15000.0,16000.0
GUY,2004,660.0,770.0,890.0
HTI,2004,9500.0,11000.0,12000.0
HND,2004,750.0,1000.0,1400.0
HUN,2004,,,
KGZ,2004,,,
LAO,2004,810.0,900.0,1000.0
LVA,2004,,,
LBN,2004,,,
MUS,2004,1200.0,1400.0,1700.0
MEX,2004,,,
MNG,2004,,,
MNE,2004,,,
PAK,2004,1400.0,1600.0,1900.0
PAN,2004,,,
PNG,2004,3300.0,3800.0,4300.0
PRY,2004,960.0,1400.0,2300.0
SLE,2004,5500.0,6200.0,7200.0
SGP,2004,,,
SVK,2004,,,
SVN,2004,,,
TLS,2004,,,
TGO,2004,7300.0,9100.0,11000.0
TTO,2004,800.0,930.0,1100.0
TUN,2004,,,
TUR,2004,,,
ZMB,2004,56000.0,66000.0,79000.0
ZWE,2004,61000.0,87000.0,120000.0
AFG,2005,,,1200.0
ALB,2005,,,
BLZ,2005,,,
BEN,2005,2700.0,5500.0,11000.0
BTN,2005,,,
BOL,2005,800.0,1100.0,1500.0
CHL,2005,1800.0,2100.0,2400.0
CHN,2005,,,
COL,2005,7300.0,9300.0,11000.0
COM,2005,,,
ECU,2005,1800.0,2700.0,5100.0
EGY,2005,,,1000.0
SLV,2005,2100.0,2400.0,2800.0
GNQ,2005,2100.0,2700.0,3300.0
GTM,2005,1900.0,2600.0,3500.0
GIN,2005,6700.0,8400.0,10000.0
GNB,2005,2800.0,3300.0,3700.0
GUY,2005,590.0,690.0,790.0
KAZ,2005,1000.0,1200.0,1300.0
KEN,2005,61000.0,94000.0,140000.0
KWT,2005,,,
KGZ,2005,,,
MLI,2005,,,
MLT,2005,,,
MRT,2005,,,
MUS,2005,1100.0,1300.0,1600.0
MEX,2005,,,
MKD,2005,,,
NOR,2005,,,
OMN,2005,,,
PAK,2005,8100.0,9700.0,11000.0
SAU,2005,,,
SEN,2005,3700.0,4200.0,4900.0
SRB,2005,,,
SLE,2005,5400.0,6200.0,7100.0
SYR,2005,,,
TJK,2005,,,800.0
THA,2005,22000.0,25000.0,27000.0
TLS,2005,,,
TGO,2005,7200.0,8900.0,11000.0
VEN,2005,8200.0,10000.0,12000.0
VNM,2005,22000.0,24000.0,26000.0
YEM,2005,,560.0,850.0
ZMB,2005,54000.0,63000.0,77000.0
BRB,2006,,,
BLR,2006,1200.0,1500.0,1800.0
BEL,2006,,,
BLZ,2006,,,
CPV,2006,,,
CAF,2006,8900.0,11000.0,13000.0
TCD,2006,6700.0,8600.0,10000.0
CHL,2006,1800.0,2200.0,2500.0
DNK,2006,,,
DJI,2006,,520.0,860.0
DOM,2006,3500.0,4400.0,6000.0
ECU,2006,1800.0,2600.0,4900.0
EGY,2006,,,1000.0
DEU,2006,,,
GHA,2006,19000.0,23000.0,28000.0
GRC,2006,,,
GTM,2006,1700.0,2400.0,3500.0
JAM,2006,1500.0,2000.0,3000.0
JPN,2006,,,
JOR,2006,,,
KAZ,2006,1200.0,1400.0,1500.0
MWI,2006,60000.0,64000.0,69000.0
MYS,2006,5100.0,5600.0,6300.0
MDV,2006,,,
MLI,2006,,,
MLT,2006,,,
NIC,2006,550.0,710.0,940.0
NER,2006,2200.0,2700.0,3300.0
NGA,2006,70000.0,120000.0,200000.0
MKD,2006,,,
ROU,2006,760.0,920.0,1100.0
RUS,2006,,,
RWA,2006,11000.0,12000.0,14000.0
SAU,2006,,,
SWE,2006,,,
CHE,2006,,540.0,750.0
SYR,2006,,,
TJK,2006,,640.0,880.0
USA,2006,35000.0,42000.0,49000.0
URY,2006,,,
UZB,2006,2600.0,2700.0,2900.0
VEN,2006,7700.0,9400.0,11000.0
VNM,2006,20000.0,23000.0,25000.0
BHS,2007,,,
BHR,2007,,,
BGD,2007,,,
BRB,2007,,,
KHM,2007,2900.0,3200.0,3500.0
CMR,2007,35000.0,39000.0,42000.0
CAN,2007,,,
CPV,2007,,,
CZE,2007,,,
PRK,2007,,,
COD,2007,34000.0,42000.0,50000.0
DNK,2007,,,
DJI,2007,,510.0,870.0
GAB,2007,2100.0,2800.0,3500.0
GMB,2007,1600.0,2000.0,2700.0
GEO,2007,,,
DEU,2007,,,
IRL,2007,,,
ISR,2007,,,
ITA,2007,2800.0,5700.0,9200.0
JAM,2007,1500.0,2000.0,3100.0
LUX,2007,,,
MDG,2007,840.0,1100.0,1500.0
MWI,2007,57000.0,62000.0,66000.0
MYS,2007,5000.0,5600.0,6200.0
NPL,2007,2600.0,2900.0,3200.0
NLD,2007,1100.0,1100.0,1200.0
NZL,2007,,,
NIC,2007,550.0,700.0,910.0
NER,2007,1900.0,2400.0,2900.0
QAT,2007,,,
KOR,2007,,,
MDA,2007,1100.0,1500.0,2100.0
ROU,2007,740.0,900.0,1100.0
LKA,2007,,,
SDN,2007,3300.0,3900.0,5100.0
SUR,2007,,,
SWE,2007,,,
ARE,2007,,,
GBR,2007,,,
TZA,2007,96000.0,100000.0,110000.0
USA,2007,35000.0,43000.0,50000.0
URY,2007,,,
AUS,2008,640.0,930.0,1300.0
AUT,2008,,,
AZE,2008,600.0,860.0,1200.0
BHS,2008,,,
BGR,2008,,,
BFA,2008,4900.0,6300.0,7800.0
BDI,2008,3900.0,4800.0,6100.0
KHM,2008,2500.0,2800.0,3000.0
CUB,2008,1100.0,2000.0,3100.0
CYP,2008,,,
CZE,2008,,,
PRK,2008,,,
FJI,2008,,,
FIN,2008,,,
FRA,2008,5100.0,6200.0,7400.0
GAB,2008,1900.0,2700.0,3400.0
GLOBAL,1992,1800000.0,2400000.0,3200000.0
GLOBAL,1994,2000000.0,2700000.0,3700000.0
GLOBAL,2001,1900000.0,2600000.0,3500000.0
GLOBAL,2003,1800000.0,2500000.0,3300000.0
GLOBAL,2010,1600000.0,2100000.0,2900000.0
GLOBAL,2012,1500000.0,2000000.0,2700000.0
GLOBAL,2017,1300000.0,1800000.0,2400000.0
GLOBAL,2019,1200000.0,1700000.0,2200000.0
,1996,1500000.0,2000000.0,2700000.0
,1998,1500000.0,2000000.0,2700000.0
,2005,1300000.0,1700000.0,2400000.0
,2007,1200000.0,1600000.0,2200000.0
,2012,1000000.0,1400000.0,1900000.0
,2014,930000.0,1200000.0,1700000.0
,2016,850000.0,1100000.0,1500000.0
,1991,100000.0,160000.0,220000.0
,1993,110000.0,170000.0,230000.0
,2000,120000.0,190000.0,260000.0
,2002,120000.0,180000.0,250000.0
,2007,110000.0,170000.0,230000.0
,2009,110000.0,160000.0,230000.0
,2011,110000.0,170000.0,230000.0
,2016,110000.0,170000.0,240000.0
,2018,110000.0,170000.0,240000.0
,1995,7100.0,9500.0,15000.0
,1997,9800.0,13000.0,20000.0
,2004,14000.0,19000.0,29000.0
,2006,19000.0,26000.0,39000.0
,2011,23000.0,30000.0,46000.0
,2013,24000.0,33000.0,50000.0
,1990,36000.0,44000.0,54000.0
,1992,39000.0,47000.0,57000.0
,1999,74000.0,89000.0,110000.0
,2001,81000.0,98000.0,120000.0
,2006,95000.0,110000.0,140000.0
,2008,100000.0,120000.0,150000.0
,2015,130000.0,160000.0,200000.0
,2017,150000.0,180000.0,220000.0
,1994,280000.0,390000.0,510000.0
,1996,260000.0,370000.0,480000.0
,2001,220000.0,310000.0,400000.0
,2003,170000.0,240000.0,320000.0
,2010,150000.0,210000.0,280000.0
,2012,150000.0,210000.0,280000.0
,2019,110000.0,160000.0,210000.0
,1991,19000.0,30000.0,40000.0
,1996,76000.0,120000.0,160000.0
,1998,78000.0,120000.0,170000.0
,2005,78000.0,120000.0,170000.0
,2007,73000.0,120000.0,160000.0
,2014,69000.0,110000.0,150000.0
,2016,69000.0,110000.0,150000.0
ALB,2000,,,
AGO,2000,12000.0,15000.0,18000.0
AZE,2000,580.0,1400.0,2800.0
BHR,2000,,,
BTN,2000,,,
BIH,2000,,,
KHM,2000,9800.0,11000.0,12000.0
CAN,2000,,,
CHN,2000,,,
COM,2000,,,
CRI,2000,,,590.0
CZE,2000,,,
COD,2000,43000.0,51000.0,59000.0
GNQ,2000,1500.0,2000.0,2600.0
EST,2000,,,
FRA,2000,5500.0,6500.0,7600.0
GMB,2000,1500.0,2000.0,2700.0
DEU,2000,,,
GNB,2000,3600.0,4100.0,4900.0
HTI,2000,10000.0,12000.0,13000.0
IRL,2000,,,
ITA,2000,3900.0,5600.0,9000.0
KEN,2000,78000.0,120000.0,190000.0
KGZ,2000,,,
LVA,2000,,,
LTU,2000,,,
MDG,2000,,,690.0
MUS,2000,600.0,1100.0,1600.0
MNG,2000,,,
NLD,2000,1000.0,1100.0,1200.0
NIC,2000,560.0,920.0,1500.0
OMN,2000,,,
PAN,2000,,,
QAT,2000,,,
MDA,2000,930.0,1300.0,1700.0
SLE,2000,4800.0,5700.0,6700.0
SVK,2000,,,
ESP,2000,3500.0,4800.0,6000.0
SDN,2000,3100.0,4300.0,6000.0
TLS,2000,,,
TTO,2000,960.0,1100.0,1200.0
GBR,2000,,,
USA,2000,32000.0,39000.0,45000.0
YEM,2000,,,530.0
ZWE,2000,77000.0,110000.0,150000.0
AUS,2001,,650.0,900.0
AZE,2001,660.0,1300.0,2500.0
BLZ,2001,,,
BTN,2001,,,
BRN,2001,,,
BFA,2001,7800.0,9600.0,12000.0
TCD,2001,7600.0,9600.0,12000.0
CHN,2001,,,
CUB,2001,510.0,890.0,1400.0
CZE,2001,,,
DOM,2001,5900.0,7500.0,9900.0
EGY,2001,,,770.0
FJI,2001,,,
FRA,2001,5700.0,6700.0,7900.0
GTM,2001,2000.0,2700.0,3600.0
GNB,2001,3500.0,4000.0,4800.0
ISL,2001,,,
IDN,2001,,,
JOR,2001,,,
KEN,2001,73000.0,110000.0,170000.0
LBR,2001,4000.0,4800.0,5700.0
LTU,2001,,,
MDV,2001,,,
MLT,2001,,,
MUS,2001,840.0,1300.0,1700.0
MOZ,2001,94000.0,150000.0,230000.0
NAM,2001,15000.0,17000.0,19000.0
MKD,2001,,,
OMN,2001,,,
PER,2001,3700.0,4400.0,5300.0
POL,2001,,,
QAT,2001,,,
RWA,2001,19000.0,20000.0,23000.0
SEN,2001,4800.0,5500.0,6200.0
ZAF,2001,520000.0,550000.0,580000.0
ESP,2001,3500.0,4800.0,6000.0
CHE,2001,,,630.0
TJK,2001,,,
TLS,2001,,,
TKM,2001,,,
UKR,2001,26000.0,29000.0,33000.0
VEN,2001,8600.0,9900.0,11000.0
YEM,2001,,,530.0
ARG,2002,4500.0,5400.0,6500.0
AUS,2002,,660.0,910.0
BGD,2002,,,
BLR,2002,560.0,710.0,860.0
BWA,2002,20000.0,22000.0,23000.0
BRN,2002,,,
CPV,2002,,,
TCD,2002,7500.0,9400.0,11000.0
COG,2002,5500.0,6400.0,7200.0
CIV,2002,41000.0,47000.0,55000.0
DNK,2002,,,
DOM,2002,5400.0,6800.0,9300.0
SWZ,2002,14000.0,15000.0,16000.0
FJI,2002,,,
GEO,2002,,,
GHA,2002,21000.0,26000.0,30000.0
HND,2002,1100.0,1500.0,1900.0
ISL,2002,,,
JAM,2002,1500.0,2000.0,2900.0
JOR,2002,,,
LAO,2002,790.0,880.0,970.0
LBN,2002,,,
MWI,2002,74000.0,79000.0,84000.0
MDV,2002,,,
MNE,2002,,,
MOZ,2002,95000.0,150000.0,230000.0
NZL,2002,,,
NER,2002,3500.0,4300.0,5300.0
PNG,2002,3600.0,4100.0,4700.0
PER,2002,3600.0,4400.0,5200.0
ROU,2002,990.0,1100.0,1300.0
RWA,2002,18000.0,19000.0,21000.0
SGP,2002,,,
SVN,2002,,,
SUR,2002,,,
CHE,2002,,,650.0
TUN,2002,,,
TKM,2002,,,
TZA,2002,110000.0,110000.0,120000.0
URY,2002,,,
AFG,2003,,,1000.0
DZA,2003,,500.0,720.0
BHS,2003,,,
BGD,2003,,,
BEN,2003,2800.0,5700.0,11000.0
BOL,2003,820.0,1100.0,1500.0
BWA,2003,19000.0,20000.0,21000.0
BDI,2003,5400.0,6400.0,7700.0
CMR,2003,42000.0,47000.0,53000.0
COL,2003,7100.0,8800.0,11000.0
COG,2003,5000.0,5900.0,6700.0
CYP,2003,,,
PRK,2003,,,
DNK,2003,,,
SLV,2003,2200.0,2500.0,2900.0
ERI,2003,920.0,1300.0,1700.0
GAB,2003,2500.0,3200.0,4000.0
GEO,2003,,,
GUY,2003,680.0,800.0,940.0
HND,2003,890.0,1200.0,1600.0
IRN,2003,3600.0,5300.0,7700.0
ISR,2003,,,
KWT,2003,,,
LAO,2003,830.0,920.0,1000.0
LUX,2003,,,
MWI,2003,71000.0,76000.0,81000.0
MRT,2003,,,
MEX,2003,,,
NPL,2003,3800.0,4300.0,4600.0
NZL,2003,,,
PAK,2003,,,
PNG,2003,3600.0,4000.0,4700.0
PRT,2003,,,
KOR,2003,,,
SRB,2003,,,
SGP,2003,,,
LKA,2003,,,510.0
SUR,2003,,,
THA,2003,27000.0,31000.0,34000.0
TGO,2003,7600.0,9400.0,11000.0
ARE,2003,,,
TZA,2003,110000.0,110000.0,120000.0
ZMB,2003,58000.0,68000.0,82000.0
AFG,2004,,,1100.0
ARM,2004,,,600.0
AUT,2004,,,
BEL,2004,,,
BEN,2004,2700.0,5600.0,11000.0
BGR,2004,,,
BDI,2004,5000.0,6000.0,7300.0
CAF,2004,9700.0,12000.0,14000.0
CHL,2004,1800.0,2000.0,2400.0
HRV,2004,,,
CYP,2004,,,
ECU,2004,1800.0,2700.0,5000.0
SLV,2004,2200.0,2500.0,2900.0
ETH,2004,23000.0,42000.0,73000.0
FIN,2004,,,
GRC,2004,,,
GIN,2004,7100.0,8800.0,11000.0
IND,2004,,,
IRN,2004,3800.0,5600.0,8400.0
JPN,2004,,,
KAZ,2004,950.0,1100.0,1200.0
KWT,2004,,,
LSO,2004,22000.0,25000.0,28000.0
LBY,2004,,,650.0
MLI,2004,,,
MRT,2004,,,
MAR,2004,1000.0,1300.0,1800.0
MMR,2004,21000.0,23000.0,26000.0
NPL,2004,3600.0,4000.0,4400.0
NGA,2004,71000.0,120000.0,200000.0
NOR,2004,,,
PHL,2004,700.0,830.0,960.0
PRT,2004,,,
RUS,2004,,,
SAU,2004,,,
SRB,2004,,,
SOM,2004,1500.0,1800.0,2000.0
SSD,2004,10000.0,14000.0,18000.0
SYR,2004,,,
THA,2004,25000.0,28000.0,31000.0
UGA,2004,87000.0,96000.0,110000.0
ARE,2004,,,
UZB,2004,2200.0,2200.0,2400.0
VNM,2004,23000.0,25000.0,27000.0
AGO,2005,19000.0,22000.0,28000.0
ARM,2005,,,570.0
BRB,2005,,,
BEL,2005,,,
BIH,2005,,,
BRA,2005,22000.0,46000.0,68000.0
CAN,2005,,,
CAF,2005,9100.0,11000.0,13000.0
CRI,2005,,600.0,760.0
HRV,2005,,,
COD,2005,36000.0,44000.0,52000.0
DJI,2005,,580.0,920.0
EST,2005,,,
ETH,2005,20000.0,38000.0,66000.0
DEU,2005,,,
GRC,2005,,,
HTI,2005,9000.0,10000.0,11000.0
HUN,2005,,,
ITA,2005,3600.0,6300.0,9600.0
JPN,2005,,,
LVA,2005,,,510.0
LSO,2005,21000.0,24000.0,27000.0
MDG,2005,590.0,830.0,1100.0
MYS,2005,5000.0,5700.0,6300.0
MNG,2005,,,
MAR,2005,1000.0,1300.0,1800.0
NIC,2005,530.0,700.0,950.0
NGA,2005,71000.0,120000.0,200000.0
PAN,2005,,,
PRY,2005,930.0,1400.0,2200.0
MDA,2005,1000.0,1400.0,1900.0
RUS,2005,,,
SVK,2005,,,
SOM,2005,1300.0,1600.0,1800.0
SDN,2005,3600.0,4400.0,5700.0
SWE,2005,,,
TTO,2005,730.0,850.0,990.0
TUR,2005,,,
USA,2005,34000.0,41000.0,48000.0
UZB,2005,2400.0,2500.0,2600.0
ZWE,2005,58000.0,83000.0,110000.0
ALB,2006,,,
AGO,2006,19000.0,23000.0,29000.0
AZE,2006,610.0,860.0,1300.0
BHR,2006,,,
BTN,2006,,,
BIH,2006,,,
BFA,2006,5600.0,7200.0,8800.0
KHM,2006,3400.0,3800.0,4200.0
CAN,2006,,,
CHN,2006,,,
COM,2006,,,
CZE,2006,,,
COD,2006,35000.0,43000.0,51000.0
GNQ,2006,2300.0,2900.0,3600.0
EST,2006,,,
FRA,2006,5200.0,6300.0,7600.0
GMB,2006,1500.0,2000.0,2600.0
GNB,2006,2700.0,3100.0,3500.0
HTI,2006,8800.0,9800.0,11000.0
IRL,2006,,,
ITA,2006,3300.0,6000.0,9500.0
KEN,2006,59000.0,91000.0,140000.0
KGZ,2006,,,
LTU,2006,,,
MDG,2006,700.0,960.0,1300.0
MUS,2006,1000.0,1300.0,1500.0
MNG,2006,,,
NAM,2006,11000.0,12000.0,13000.0
NLD,2006,1100.0,1100.0,1200.0
OMN,2006,,,
PAN,2006,,,
QAT,2006,,,
MDA,2006,1100.0,1500.0,2000.0
SEN,2006,3300.0,3800.0,4400.0
SLE,2006,5500.0,6300.0,7100.0
ESP,2006,3500.0,4800.0,6000.0
SDN,2006,3300.0,4000.0,5200.0
TLS,2006,,,
TTO,2006,650.0,770.0,880.0
UKR,2006,17000.0,20000.0,23000.0
GBR,2006,,,
YEM,2006,,640.0,970.0
ZWE,2006,57000.0,80000.0,110000.0
AUS,2007,590.0,880.0,1200.0
AZE,2007,590.0,820.0,1200.0
BLR,2007,1200.0,1500.0,1900.0
BLZ,2007,,,
BRN,2007,,,
BFA,2007,5100.0,6600.0,8100.0
TCD,2007,6500.0,8500.0,10000.0
CHN,2007,,,
CIV,2007,29000.0,33000.0,39000.0
CUB,2007,1000.0,1800.0,2800.0
DOM,2007,3000.0,3900.0,5100.0
EGY,2007,,560.0,1000.0
FJI,2007,,,
FRA,2007,5400.0,6600.0,7900.0
GHA,2007,18000.0,22000.0,28000.0
GTM,2007,1800.0,2400.0,3500.0
GNB,2007,2700.0,3100.0,3500.0
ISL,2007,,,
IDN,2007,,,
JOR,2007,,,
KEN,2007,57000.0,87000.0,140000.0
LBN,2007,,,
LBR,2007,3000.0,3500.0,4400.0
LTU,2007,,,
MDV,2007,,,
MLT,2007,,,
MOZ,2007,94000.0,150000.0,230000.0
NAM,2007,11000.0,12000.0,13000.0
MKD,2007,,,
OMN,2007,,,
PER,2007,3500.0,4300.0,5100.0
POL,2007,,,
RWA,2007,10000.0,12000.0,13000.0
SEN,2007,2900.0,3300.0,3900.0
ZAF,2007,480000.0,500000.0,530000.0
ESP,2007,3500.0,4800.0,6000.0
CHE,2007,,560.0,760.0
TJK,2007,610.0,790.0,1000.0
TKM,2007,,,
UKR,2007,16000.0,19000.0,22000.0
VEN,2007,7200.0,8800.0,10000.0
YEM,2007,,710.0,1100.0
DZA,2008,590.0,920.0,1300.0
ARG,2008,4800.0,5900.0,7400.0
BGD,2008,,,
BLR,2008,1300.0,1700.0,2100.0
BWA,2008,14000.0,15000.0,17000.0
BRN,2008,,,
CMR,2008,34000.0,37000.0,41000.0
CPV,2008,,,
COG,2008,5200.0,6400.0,7700.0
CIV,2008,26000.0,31000.0,37000.0
DNK,2008,,,
DOM,2008,2800.0,3600.0,4700.0
ERI,2008,630.0,930.0,1300.0
SWZ,2008,13000.0,14000.0,15000.0
GEO,2008,,,
GHA,2008,17000.0,23000.0,29000.0
GNB,2008,2700.0,3100.0,3400.0
GUY,2008,,,570.0
JOR,2008,,,
KAZ,2008,1500.0,1700.0,1800.0
KEN,2008,51000.0,79000.0,120000.0
KWT,2008,,,
KGZ,2008,690.0,690.0,690.0
MLI,2008,,,
MLT,2008,,,
MRT,2008,,,
MUS,2008,850.0,1100.0,1300.0
MKD,2008,,,
NOR,2008,,,
OMN,2008,,,
PAK,2008,12000.0,14000.0,15000.0
SAU,2008,,,
SEN,2008,2400.0,2800.0,3400.0
SRB,2008,,,
SLE,2008,5200.0,6000.0,6900.0
SYR,2008,,,
TJK,2008,710.0,900.0,1100.0
THA,2008,17000.0,19000.0,20000.0
TLS,2008,,,
VEN,2008,6700.0,8300.0,9800.0
VNM,2008,17000.0,19000.0,21000.0
YEM,2008,500.0,780.0,1200.0
ZMB,2008,51000.0,60000.0,72000.0
BRB,2009,,,
BLR,2009,1400.0,1700.0,2200.0
BEL,2009,,,
BLZ,2009,,,
CAN,2009,,,
CPV,2009,,,
CAF,2009,7600.0,9200.0,12000.0
TCD,2009,5800.0,7600.0,9300.0
CHL,2009,2400.0,2900.0,3400.0
DNK,2009,,,
DJI,2009,,,680.0
DOM,2009,2700.0,3500.0,4600.0
ECU,2009,1700.0,2600.0,5100.0
DEU,2009,,,
GHA,2009,16000.0,22000.0,28000.0
GRC,2009,,,
GTM,2009,1500.0,2100.0,3200.0
JAM,2009,1400.0,2000.0,3100.0
JPN,2009,,,
JOR,2009,,,
KAZ,2009,1600.0,1800.0,2000.0
MWI,2009,53000.0,57000.0,61000.0
MYS,2009,5000.0,5500.0,6000.0
MDV,2009,,,
MLI,2009,,,
NIC,2009,,640.0,840.0
NER,2009,1500.0,1900.0,2400.0
NGA,2009,70000.0,120000.0,200000.0
MKD,2009,,,
ROU,2009,700.0,870.0,1100.0
RUS,2009,,,
RWA,2009,8900.0,10000.0,12000.0
SAU,2009,,,
SUR,2009,,,
SWE,2009,,,
CHE,2009,,560.0,780.0
SYR,2009,,,
TJK,2009,810.0,980.0,1200.0
USA,2009,36000.0,43000.0,50000.0
URY,2009,,,
UZB,2009,3400.0,3500.0,3600.0
VEN,2009,6300.0,7800.0,9400.0
BHS,2010,,,
BHR,2010,,,
BGD,2010,,,
BRB,2010,,,
BDI,2010,3200.0,4200.0,5300.0
KHM,2010,1800.0,2000.0,2300.0
CMR,2010,30000.0,33000.0,37000.0
CAN,2010,,,
CPV,2010,,,
CZE,2010,,,
PRK,2010,,,
COD,2010,29000.0,37000.0,45000.0
DNK,2010,,,
GAB,2010,1800.0,2600.0,3400.0
GMB,2010,1500.0,2000.0,2700.0
GEO,2010,,,
DEU,2010,,,
IRL,2010,,,
ISR,2010,,,
ITA,2010,1800.0,4600.0,8500.0
JAM,2010,1400.0,1900.0,3000.0
LTU,2010,,,
LUX,2010,,,
MDG,2010,1500.0,2000.0,2500.0
MWI,2010,52000.0,56000.0,60000.0
MYS,2010,4900.0,5400.0,5900.0
NPL,2010,1900.0,2100.0,2300.0
NLD,2010,970.0,1000.0,1100.0
NZL,2010,,,
NIC,2010,,570.0,790.0
QAT,2010,,,
KOR,2010,,,
MDA,2010,1000.0,1400.0,1900.0
ROU,2010,690.0,850.0,1100.0
ESP,2010,3300.0,4500.0,5700.0
LKA,2010,,,
SDN,2010,3000.0,3600.0,4800.0
SUR,2010,,,
SWE,2010,,,
ARE,2010,,,
GBR,2010,,,
TZA,2010,89000.0,95000.0,100000.0
USA,2010,34000.0,41000.0,48000.0
AUS,2011,660.0,1000.0,1400.0
AUT,2011,,,
AZE,2011,510.0,740.0,1100.0
BHS,2011,,,
BGR,2011,,,
BFA,2011,3900.0,5100.0,6500.0
BDI,2011,3000.0,3900.0,5100.0
KHM,2011,1600.0,1800.0,2000.0
HRV,2011,,,
CUB,2011,1300.0,2300.0,3700.0
CYP,2011,,,
CZE,2011,,,
PRK,2011,,,
FJI,2011,,,
FIN,2011,,,
FRA,2011,4800.0,5800.0,7000.0
GAB,2011,1800.0,2600.0,3400.0
IND,2011,,,
IDN,2011,,,
IRN,2011,2500.0,4800.0,9200.0
IRL,2011,,,
LSO,2011,16000.0,18000.0,20000.0
LBR,2011,2400.0,3100.0,4000.0
LBY,2011,540.0,770.0,1000.0
LTU,2011,,,
LUX,2011,,,
MOZ,2011,99000.0,160000.0,240000.0
MMR,2011,13000.0,15000.0,17000.0
NAM,2011,8900.0,10000.0,12000.0
NPL,2011,1600.0,1800.0,1900.0
PHL,2011,4300.0,5200.0,6000.0
POL,2011,,,
PRT,2011,,,
QAT,2011,,,
ZAF,2011,360000.0,390000.0,420000.0
SSD,2011,13000.0,17000.0,22000.0
ESP,2011,3200.0,4300.0,5400.0
LKA,2011,,,
TKM,2011,,,
UGA,2011,81000.0,91000.0,110000.0
UKR,2011,12000.0,14000.0,17000.0
ARE,2011,,,
AGO,2012,22000.0,27000.0,32000.0
ARG,2012,4800.0,6100.0,7900.0
ARM,2012,,,
AUS,2012,650.0,1000.0,1500.0
BWA,2012,12000.0,13000.0,14000.0
BRA,2012,20000.0,44000.0,64000.0
BRN,2012,,,
BGR,2012,,,
COG,2012,4800.0,6600.0,8500.0
CRI,2012,570.0,790.0,1000.0
CIV,2012,18000.0,23000.0,28000.0
HRV,2012,,,
CUB,2012,1400.0,2400.0,3700.0
EST,2012,,,
SWZ,2012,12000.0,13000.0,14000.0
ETH,2012,12000.0,23000.0,40000.0
FJI,2012,,,
HND,2012,740.0,990.0,1300.0
HUN,2012,,,
ISL,2012,,,
IND,2012,,,
LVA,2012,,,520.0
LBN,2012,,,
LSO,2012,15000.0,17000.0,19000.0
LBR,2012,2300.0,3000.0,4000.0
MNG,2012,,,
MNE,2012,,,
MAR,2012,850.0,1100.0,1600.0
MOZ,2012,97000.0,150000.0,240000.0
PNG,2012,2400.0,2700.0,3000.0
PRY,2012,850.0,1200.0,1900.0
PER,2012,2900.0,3900.0,5000.0
PHL,2012,5000.0,6100.0,7000.0
SVK,2012,,,
SVN,2012,,,
SOM,2012,,550.0,690.0
ZAF,2012,330000.0,360000.0,390000.0
TTO,2012,,,
TUN,2012,,550.0,860.0
TUR,2012,,,
TKM,2012,,,
UGA,2012,72000.0,81000.0,99000.0
AFG,2013,,920.0,2700.0
ALB,2013,,,
DZA,2013,820.0,1500.0,2300.0
AGO,2013,22000.0,27000.0,33000.0
BTN,2013,,,
BOL,2013,870.0,1100.0,1400.0
BIH,2013,,,
BWA,2013,11000.0,12000.0,13000.0
COL,2013,8800.0,12000.0,16000.0
COM,2013,,,
COG,2013,4800.0,6800.0,9100.0
CRI,2013,590.0,820.0,1000.0
SLV,2013,1100.0,1400.0,1700.0
GNQ,2013,3000.0,4400.0,6100.0
ERI,2013,,560.0,910.0
EST,2013,,,
GNB,2013,2200.0,2700.0,3100.0
GUY,2013,,,530.0
HTI,2013,6500.0,7800.0,9400.0
HND,2013,770.0,1000.0,1400.0
KWT,2013,,,
KGZ,2013,930.0,930.0,930.0
LAO,2013,870.0,980.0,1100.0
LVA,2013,,,520.0
MRT,2013,,,
MUS,2013,,630.0,810.0
MEX,2013,,,
MNG,2013,,,
MNE,2013,,,
OMN,2013,,,
PAK,2013,15000.0,17000.0,18000.0
PAN,2013,,,
PNG,2013,2500.0,2800.0,3200.0
SRB,2013,,,
SLE,2013,4900.0,5800.0,6800.0
SGP,2013,,,
SVK,2013,,,
TLS,2013,,,
TGO,2013,4700.0,5900.0,7600.0
TTO,2013,,,
TUN,2013,,570.0,860.0
YEM,2013,510.0,930.0,1500.0
ZMB,2013,51000.0,60000.0,72000.0
ZWE,2013,39000.0,55000.0,75000.0
AFG,2014,,1000.0,3200.0
BEL,2014,,,
BLZ,2014,,,
BEN,2014,2100.0,4300.0,8500.0
BTN,2014,,,
TCD,2014,4300.0,6100.0,7900.0
CHL,2014,3900.0,4700.0,5600.0
CHN,2014,,,
COL,2014,8600.0,12000.0,16000.0
DOM,2014,2200.0,2900.0,3900.0
ECU,2014,1700.0,2700.0,5000.0
EGY,2014,1400.0,2100.0,2800.0
SLV,2014,1000.0,1200.0,1600.0
GNQ,2014,2800.0,4300.0,6300.0
GRC,2014,,,
GTM,2014,890.0,1400.0,2000.0
GIN,2014,4400.0,5800.0,7600.0
GNB,2014,2100.0,2500.0,2900.0
JOR,2014,,,
KAZ,2014,2600.0,2800.0,3200.0
KEN,2014,39000.0,60000.0,93000.0
KWT,2014,,,
MLI,2014,,,
MLT,2014,,,
MRT,2014,,,
MUS,2014,,620.0,810.0
NGA,2014,62000.0,100000.0,180000.0
MKD,2014,,,
NOR,2014,,,
OMN,2014,,,
RWA,2014,5300.0,6800.0,8200.0
SAU,2014,,,
SEN,2014,1400.0,1700.0,2200.0
SRB,2014,,,
SYR,2014,,,
TJK,2014,1100.0,1300.0,1700.0
THA,2014,9800.0,11000.0,12000.0
TLS,2014,,,
UZB,2014,4100.0,4400.0,4700.0
VEN,2014,4400.0,6300.0,8000.0
VNM,2014,9600.0,11000.0,12000.0
YEM,2014,,960.0,1600.0
ZMB,2014,51000.0,60000.0,72000.0
BGD,2015,,,
BRB,2015,,,
BLR,2015,1700.0,2300.0,3200.0
BEL,2015,,,
CAN,2015,,,
CPV,2015,,,
CAF,2015,4300.0,6400.0,9200.0
TCD,2015,4200.0,6000.0,8000.0
DNK,2015,,,
DJI,2015,,,
DOM,2015,2100.0,2900.0,3900.0
ECU,2015,1700.0,2700.0,5000.0
GEO,2015,,,
DEU,2015,,,
GHA,2015,13000.0,21000.0,32000.0
GRC,2015,,,
ITA,2015,900.0,3300.0,7600.0
JAM,2015,1200.0,1800.0,2900.0
JPN,2015,,,
JOR,2015,,,
MWI,2015,38000.0,42000.0,46000.0
MYS,2015,4700.0,5200.0,5700.0
MDV,2015,,,
MLI,2015,,,
NZL,2015,,,
NIC,2015,,,660.0
NER,2015,1100.0,1400.0,1900.0
NGA,2015,61000.0,100000.0,170000.0
MKD,2015,,,
MDA,2015,690.0,940.0,1300.0
ROU,2015,630.0,810.0,1100.0
RUS,2015,,,
RWA,2015,4900.0,6400.0,7800.0
SUR,2015,,,
SWE,2015,,,
CHE,2015,,,670.0
SYR,2015,,,
USA,2015,33000.0,39000.0,46000.0
URY,2015,,,
UZB,2015,4200.0,4500.0,4800.0
VEN,2015,4300.0,6000.0,7800.0
AZE,2016,,660.0,950.0
BHS,2016,,,
BHR,2016,,,
BGD,2016,,,
BDI,2016,1600.0,2500.0,3600.0
KHM,2016,1100.0,1200.0,1300.0
CMR,2016,19000.0,22000.0,25000.0
CAN,2016,,,
CZE,2016,,,
PRK,2016,,,
COD,2016,20000.0,28000.0,37000.0
DNK,2016,,,
FRA,2016,5200.0,6400.0,7700.0
GAB,2016,1000.0,1900.0,3000.0
GMB,2016,1600.0,2300.0,3200.0
GEO,2016,,,
DEU,2016,,,
IRN,2016,1400.0,4300.0,11000.0
IRL,2016,,,
ISR,2016,,,
ITA,2016,890.0,3100.0,7500.0
LTU,2016,,,
LUX,2016,,,
MDG,2016,3800.0,4800.0,6200.0
MWI,2016,36000.0,40000.0,45000.0
NPL,2016,910.0,1000.0,1100.0
NLD,2016,,550.0,610.0
NZL,2016,,,
NIC,2016,,,660.0
PRT,2016,,,
QAT,2016,,,
KOR,2016,,,
MDA,2016,630.0,870.0,1200.0
ESP,2016,2500.0,3400.0,4400.0
LKA,2016,,,
SDN,2016,2600.0,3500.0,4600.0
SUR,2016,,,
ARE,2016,,,
GBR,2016,,,
TZA,2016,81000.0,89000.0,98000.0
USA,2016,32000.0,39000.0,45000.0
ARM,2017,,,
AUS,2017,520.0,930.0,1500.0
AUT,2017,,,
AZE,2017,,640.0,940.0
BHS,2017,,,
BRN,2017,,,
BGR,2017,,,
BFA,2017,2000.0,2800.0,4100.0
BDI,2017,1500.0,2200.0,3300.0
HRV,2017,,,
CUB,2017,1100.0,1900.0,3100.0
CYP,2017,,,
CZE,2017,,,
FJI,2017,,,
FIN,2017,,,
FRA,2017,,,
GAB,2017,940.0,1800.0,2900.0
ISL,2017,,,
IND,2017,,,
IDN,2017,,,
IRN,2017,1300.0,4200.0,12000.0
LSO,2017,10000.0,12000.0,14000.0
LBR,2017,1800.0,2500.0,3700.0
LBY,2017,,500.0,670.0
LTU,2017,,,
MOZ,2017,89000.0,140000.0,220000.0
MMR,2017,10000.0,12000.0,13000.0
NAM,2017,6500.0,7600.0,9000.0
NPL,2017,820.0,920.0,1000.0
PER,2017,2700.0,3700.0,5000.0
PHL,2017,10000.0,13000.0,15000.0
POL,2017,,,
PRT,2017,,,
QAT,2017,,,
SOM,2017,,,560.0
ZAF,2017,220000.0,240000.0,270000.0
SSD,2017,12000.0,18000.0,24000.0
ESP,2017,2200.0,3000.0,4000.0
TKM,2017,,,
UGA,2017,51000.0,62000.0,78000.0
UKR,2017,11000.0,13000.0,16000.0
ARE,2017,,,
DZA,2018,,2000.0,3600.0
AGO,2018,20000.0,27000.0,36000.0
GRC,2008,,,
HTI,2008,8000.0,9100.0,10000.0
HUN,2008,,,
ITA,2008,2400.0,5300.0,9100.0
JPN,2008,,,
LVA,2008,,,540.0
LSO,2008,20000.0,22000.0,24000.0
MDG,2008,1000.0,1400.0,1800.0
MYS,2008,5000.0,5500.0,6100.0
MNG,2008,,,
MAR,2008,990.0,1300.0,1800.0
NIC,2008,540.0,700.0,910.0
NGA,2008,71000.0,120000.0,200000.0
PAN,2008,,,
PRY,2008,850.0,1200.0,2000.0
MDA,2008,1100.0,1500.0,2100.0
RUS,2008,,,
SVK,2008,,,
SOM,2008,840.0,1100.0,1300.0
SDN,2008,3300.0,4000.0,5100.0
SWE,2008,,,
TTO,2008,,590.0,700.0
TUR,2008,,,
USA,2008,37000.0,45000.0,52000.0
UZB,2008,3100.0,3200.0,3400.0
ZWE,2008,54000.0,76000.0,100000.0
ALB,2009,,,
AZE,2009,580.0,820.0,1200.0
BHR,2009,,,
BTN,2009,,,
BIH,2009,,,
BFA,2009,4400.0,5700.0,7200.0
KHM,2009,2100.0,2400.0,2600.0
CHN,2009,,,
COM,2009,,,
CZE,2009,,,
COD,2009,32000.0,39000.0,47000.0
EGY,2009,570.0,790.0,1200.0
GNQ,2009,2900.0,3600.0,4400.0
FRA,2009,4800.0,5800.0,7000.0
GMB,2009,1500.0,2000.0,2700.0
GNB,2009,2600.0,3000.0,3400.0
HTI,2009,7900.0,9000.0,10000.0
IDN,2009,,,
IRL,2009,,,
ITA,2009,2000.0,5000.0,8800.0
KEN,2009,51000.0,78000.0,120000.0
KGZ,2009,740.0,740.0,740.0
LTU,2009,,,
MDG,2009,1300.0,1700.0,2100.0
MLT,2009,,,
MUS,2009,750.0,970.0,1200.0
MNG,2009,,,
NAM,2009,9800.0,11000.0,12000.0
NLD,2009,1000.0,1100.0,1100.0
OMN,2009,,,
PAN,2009,,,
POL,2009,,,
QAT,2009,,,
MDA,2009,1100.0,1500.0,2000.0
SEN,2009,2100.0,2500.0,3000.0
SLE,2009,5200.0,6000.0,7000.0
ESP,2009,3400.0,4600.0,5800.0
SDN,2009,3200.0,3900.0,4900.0
TLS,2009,,,
TTO,2009,,520.0,630.0
UKR,2009,13000.0,16000.0,18000.0
GBR,2009,,,
YEM,2009,540.0,830.0,1200.0
ZWE,2009,52000.0,74000.0,100000.0
AUS,2010,660.0,1000.0,1400.0
AZE,2010,540.0,770.0,1100.0
BLR,2010,1500.0,1900.0,2300.0
BLZ,2010,,,
BRN,2010,,,
BFA,2010,4000.0,5300.0,6800.0
TCD,2010,5500.0,7400.0,9200.0
CHN,2010,,,
CIV,2010,22000.0,27000.0,33000.0
CUB,2010,1300.0,2300.0,3500.0
DOM,2010,2500.0,3300.0,4300.0
EGY,2010,680.0,950.0,1400.0
FJI,2010,,,
FRA,2010,4500.0,5500.0,6600.0
GHA,2010,16000.0,23000.0,31000.0
GTM,2010,1300.0,1900.0,2900.0
ISL,2010,,,
IDN,2010,,,
JOR,2010,,,
KEN,2010,48000.0,75000.0,120000.0
LBN,2010,,,
LBR,2010,2600.0,3300.0,4200.0
MDV,2010,,,
MLT,2010,,,
MOZ,2010,100000.0,160000.0,250000.0
NAM,2010,9300.0,11000.0,12000.0
NER,2010,1000.0,1300.0,1800.0
MKD,2010,,,
PER,2010,2900.0,3900.0,5000.0
POL,2010,,,
RWA,2010,8300.0,9900.0,11000.0
SEN,2010,1900.0,2300.0,2800.0
SVN,2010,,,
ZAF,2010,390000.0,420000.0,450000.0
CHE,2010,,560.0,780.0
TJK,2010,950.0,1100.0,1300.0
TKM,2010,,,
UKR,2010,12000.0,15000.0,17000.0
URY,2010,,,
VEN,2010,5900.0,7400.0,9100.0
YEM,2010,530.0,830.0,1200.0
DZA,2011,710.0,1300.0,1900.0
ARG,2011,4700.0,6000.0,7900.0
BGD,2011,,,
BLR,2011,1500.0,2000.0,2500.0
BOL,2011,870.0,1100.0,1400.0
BWA,2011,13000.0,14000.0,15000.0
BRN,2011,,,
CMR,2011,29000.0,32000.0,35000.0
CPV,2011,,,
COG,2011,4800.0,6400.0,8100.0
CIV,2011,20000.0,25000.0,31000.0
DNK,2011,,,
DOM,2011,2400.0,3100.0,4000.0
ERI,2011,,710.0,1100.0
SWZ,2011,12000.0,13000.0,14000.0
GEO,2011,,,
GHA,2011,15000.0,23000.0,31000.0
HND,2011,690.0,940.0,1300.0
ISL,2011,,,
ISR,2011,,,
JAM,2011,1300.0,1900.0,2900.0
LAO,2011,920.0,1000.0,1100.0
LBN,2011,,,
MWI,2011,48000.0,52000.0,56000.0
MDV,2011,,,
MEX,2011,,,
MNE,2011,,,
NZL,2011,,,
NER,2011,1100.0,1400.0,1900.0
PNG,2011,2300.0,2600.0,2900.0
PER,2011,2900.0,3900.0,5000.0
KOR,2011,,,
ROU,2011,670.0,840.0,1100.0
SGP,2011,,,510.0
SVN,2011,,,
SUR,2011,,,
CHE,2011,,540.0,770.0
TGO,2011,5300.0,6500.0,8400.0
TUN,2011,,520.0,820.0
TZA,2011,88000.0,95000.0,100000.0
URY,2011,,,
AFG,2012,,840.0,2300.0
DZA,2012,780.0,1400.0,2100.0
AUT,2012,,,
BHS,2012,,,
BEN,2012,2200.0,4500.0,9000.0
BOL,2012,860.0,1100.0,1400.0
BDI,2012,2700.0,3700.0,4800.0
CMR,2012,27000.0,29000.0,32000.0
CHL,2012,3400.0,4100.0,4900.0
COL,2012,8800.0,12000.0,16000.0
CYP,2012,,,
PRK,2012,,,
SLV,2012,1200.0,1500.0,1800.0
ERI,2012,,620.0,980.0
FIN,2012,,,
GAB,2012,1700.0,2500.0,3400.0
GEO,2012,,,
GIN,2012,5300.0,6700.0,8400.0
GUY,2012,,,540.0
IRN,2012,2200.0,4700.0,9600.0
ISR,2012,,,
KAZ,2012,2200.0,2400.0,2600.0
KWT,2012,,,
LAO,2012,890.0,990.0,1100.0
LBY,2012,520.0,740.0,980.0
LUX,2012,,,
MRT,2012,,,
MEX,2012,,,
MMR,2012,13000.0,15000.0,16000.0
NPL,2012,1400.0,1600.0,1700.0
NZL,2012,,,
NOR,2012,,,
PAK,2012,14000.0,16000.0,17000.0
PRT,2012,,,
KOR,2012,,,
SRB,2012,,,
SGP,2012,,,
SSD,2012,13000.0,17000.0,22000.0
LKA,2012,,,
THA,2012,12000.0,13000.0,14000.0
TGO,2012,5000.0,6100.0,7800.0
ARE,2012,,,
TZA,2012,88000.0,94000.0,100000.0
VNM,2012,12000.0,13000.0,14000.0
ZMB,2012,51000.0,60000.0,72000.0
ARM,2013,,,
AUT,2013,,,
BEL,2013,,,
BEN,2013,2200.0,4500.0,9000.0
BRA,2013,22000.0,47000.0,69000.0
BGR,2013,,,
CAF,2013,5800.0,7800.0,10000.0
CHL,2013,3600.0,4400.0,5300.0
HRV,2013,,,
CYP,2013,,,
DJI,2013,,,
ECU,2013,1700.0,2700.0,5000.0
ETH,2013,11000.0,20000.0,35000.0
FIN,2013,,,
GRC,2013,,,
GIN,2013,4300.0,5700.0,7500.0
HUN,2013,,,
IND,2013,,,
JPN,2013,,,
KAZ,2013,2400.0,2600.0,2900.0
LSO,2013,14000.0,16000.0,18000.0
LBY,2013,,700.0,930.0
MYS,2013,4900.0,5400.0,5900.0
MLI,2013,,,
MAR,2013,820.0,1100.0,1500.0
MMR,2013,13000.0,14000.0,16000.0
NGA,2013,65000.0,110000.0,190000.0
NOR,2013,,,
PRY,2013,850.0,1200.0,1900.0
PHL,2013,6100.0,7400.0,8600.0
RUS,2013,,,
SAU,2013,,,
SOM,2013,,,630.0
SSD,2013,13000.0,18000.0,23000.0
SWE,2013,,,
SYR,2013,,,
THA,2013,11000.0,12000.0,13000.0
TUR,2013,,,
UGA,2013,68000.0,78000.0,96000.0
UZB,2013,4100.0,4300.0,4600.0
VNM,2013,11000.0,12000.0,13000.0
ALB,2014,,,
AGO,2014,20000.0,26000.0,32000.0
ARM,2014,,,
BHR,2014,,,
BRB,2014,,,
BIH,2014,,,
BRA,2014,23000.0,48000.0,71000.0
CAN,2014,,,
CAF,2014,5000.0,7100.0,9700.0
COM,2014,,,
CRI,2014,610.0,840.0,1100.0
COD,2014,23000.0,31000.0,40000.0
DJI,2014,,,
EST,2014,,,
ETH,2014,10000.0,19000.0,34000.0
GMB,2014,1600.0,2200.0,3000.0
DEU,2014,,,
HTI,2014,6200.0,7500.0,9200.0
HUN,2014,,,
ITA,2014,940.0,3500.0,7800.0
JPN,2014,,,
KGZ,2014,960.0,960.0,960.0
LVA,2014,,,510.0
MDG,2014,3200.0,3800.0,4800.0
MYS,2014,4800.0,5300.0,5800.0
MNG,2014,,,
MAR,2014,800.0,1100.0,1500.0
NLD,2014,660.0,720.0,800.0
NIC,2014,,,690.0
PAN,2014,,,
PRY,2014,830.0,1200.0,1900.0
MDA,2014,740.0,1000.0,1400.0
RUS,2014,,,
SLE,2014,4700.0,5700.0,6700.0
SVK,2014,,,
SDN,2014,2700.0,3600.0,4600.0
SWE,2014,,,
TTO,2014,,,
TUR,2014,,,
GBR,2014,,,
USA,2014,33000.0,39000.0,46000.0
ZWE,2014,37000.0,52000.0,72000.0
ALB,2015,,,
AZE,2015,,690.0,990.0
BHR,2015,,,
BLZ,2015,,,
BTN,2015,,,
BFA,2015,2300.0,3300.0,4800.0
KHM,2015,1100.0,1200.0,1400.0
CHN,2015,,,
COM,2015,,,
CUB,2015,1300.0,2200.0,3500.0
CZE,2015,,,
COD,2015,21000.0,29000.0,38000.0
EGY,2015,1800.0,2500.0,3300.0
GNQ,2015,3000.0,4600.0,6800.0
FRA,2015,5300.0,6500.0,7700.0
GMB,2015,1600.0,2200.0,3000.0
GTM,2015,890.0,1300.0,1900.0
GNB,2015,2100.0,2500.0,2900.0
HTI,2015,5800.0,7200.0,8900.0
IDN,2015,,,
IRL,2015,,,
KEN,2015,35000.0,54000.0,83000.0
KGZ,2015,970.0,970.0,970.0
LBR,2015,2000.0,2700.0,3800.0
LTU,2015,,,
MDG,2015,3500.0,4400.0,5500.0
MLT,2015,,,
MUS,2015,,620.0,830.0
NAM,2015,6900.0,8200.0,9400.0
NLD,2015,590.0,640.0,700.0
OMN,2015,,,
PAN,2015,,,
POL,2015,,,
QAT,2015,,,
SEN,2015,1200.0,1600.0,2100.0
SLE,2015,4500.0,5600.0,6600.0
ESP,2015,2600.0,3600.0,4700.0
SDN,2015,2700.0,3500.0,4600.0
TJK,2015,1200.0,1400.0,1800.0
TLS,2015,,,
UKR,2015,12000.0,14000.0,16000.0
GBR,2015,,,
YEM,2015,,970.0,1800.0
ZWE,2015,35000.0,50000.0,68000.0
ARG,2016,4400.0,5900.0,8200.0
AUS,2016,560.0,980.0,1500.0
BLR,2016,1600.0,2200.0,3200.0
BLZ,2016,,,
BRN,2016,,,
BFA,2016,2100.0,3100.0,4400.0
CPV,2016,,,
TCD,2016,3800.0,5700.0,7600.0
CIV,2016,13000.0,17000.0,22000.0
CUB,2016,1200.0,2100.0,3400.0
DOM,2016,2000.0,2900.0,3800.0
EGY,2016,2100.0,3000.0,4000.0
SWZ,2016,7300.0,8500.0,9500.0
FJI,2016,,,
GHA,2016,12000.0,20000.0,33000.0
GTM,2016,870.0,1300.0,1900.0
ISL,2016,,,
IDN,2016,,,
JAM,2016,1200.0,1700.0,2900.0
JOR,2016,,,
LBN,2016,,,
LBR,2016,1900.0,2600.0,3800.0
MDV,2016,,,
MLT,2016,,,
MNE,2016,,,
MOZ,2016,92000.0,150000.0,230000.0
NAM,2016,6600.0,7800.0,8900.0
NER,2016,890.0,1100.0,1700.0
MKD,2016,,,
PER,2016,2900.0,3800.0,5100.0
POL,2016,,,
ROU,2016,630.0,810.0,1100.0
RWA,2016,4700.0,6200.0,7700.0
SEN,2016,1200.0,1500.0,2000.0
SVN,2016,,,
ZAF,2016,240000.0,260000.0,290000.0
CHE,2016,,,620.0
TJK,2016,1200.0,1400.0,1800.0
TUN,2016,,610.0,970.0
TKM,2016,,,
UKR,2016,11000.0,14000.0,16000.0
URY,2016,,,
VEN,2016,4100.0,5700.0,7600.0
DZA,2017,510.0,1900.0,3300.0
ARG,2017,4400.0,6100.0,8200.0
BGD,2017,,,
BLR,2017,1500.0,2100.0,3100.0
BOL,2017,730.0,980.0,1300.0
BWA,2017,9000.0,10000.0,12000.0
CMR,2017,17000.0,20000.0,23000.0
CPV,2017,,,
COG,2017,4600.0,7600.0,13000.0
CIV,2017,12000.0,16000.0,21000.0
PRK,2017,,,
DNK,2017,,,
ERI,2017,,,750.0
SWZ,2017,5900.0,7000.0,8100.0
GEO,2017,,,
GHA,2017,11000.0,20000.0,34000.0
GUY,2017,,,
HND,2017,800.0,1100.0,1600.0
ISR,2017,,,
JAM,2017,1200.0,1700.0,2800.0
LAO,2017,740.0,830.0,910.0
LBN,2017,,,
LUX,2017,,,
MWI,2017,33000.0,37000.0,42000.0
MEX,2017,,,
MNE,2017,,,
NZL,2017,,,
NER,2017,1000.0,1300.0,1900.0
PAK,2017,19000.0,21000.0,22000.0
PNG,2017,2900.0,3300.0,3800.0
KOR,2017,,,
ROU,2017,620.0,800.0,1000.0
SGP,2017,,,
SVN,2017,,,
LKA,2017,,,
SUR,2017,,,
TGO,2017,3800.0,5100.0,7100.0
TUN,2017,,620.0,1000.0
TZA,2017,77000.0,85000.0,95000.0
URY,2017,,,
ZMB,2017,47000.0,55000.0,67000.0
AFG,2018,,1400.0,5100.0
IND,2008,,,
IDN,2008,,,
IRN,2008,3400.0,5100.0,7600.0
IRL,2008,,,
LBR,2008,2800.0,3500.0,4300.0
LBY,2008,520.0,740.0,980.0
LTU,2008,,,
LUX,2008,,,
MOZ,2008,96000.0,150000.0,240000.0
MMR,2008,16000.0,18000.0,20000.0
NAM,2008,10000.0,11000.0,12000.0
NPL,2008,2400.0,2600.0,2900.0
NLD,2008,1000.0,1100.0,1200.0
PHL,2008,2000.0,2400.0,2700.0
POL,2008,,,
PRT,2008,,,
QAT,2008,,,
ZAF,2008,450000.0,480000.0,510000.0
SSD,2008,12000.0,15000.0,20000.0
ESP,2008,3500.0,4700.0,5900.0
LKA,2008,,,
UGA,2008,88000.0,98000.0,110000.0
UKR,2008,14000.0,17000.0,20000.0
ARE,2008,,,
GBR,2008,,,
AGO,2009,22000.0,26000.0,31000.0
ARG,2009,5000.0,6100.0,7900.0
ARM,2009,,,
AUS,2009,670.0,970.0,1400.0
BWA,2009,14000.0,15000.0,16000.0
BRA,2009,19000.0,42000.0,61000.0
BRN,2009,,,
BGR,2009,,,
CRI,2009,510.0,700.0,900.0
CIV,2009,23000.0,28000.0,34000.0
HRV,2009,,,
CUB,2009,1200.0,2100.0,3300.0
EST,2009,,,
SWZ,2009,13000.0,14000.0,15000.0
ETH,2009,16000.0,30000.0,52000.0
FJI,2009,,,
FIN,2009,,,
HND,2009,630.0,860.0,1200.0
HUN,2009,,,
ISL,2009,,,
IND,2009,,,
LVA,2009,,,540.0
LBN,2009,,,
LSO,2009,19000.0,21000.0,23000.0
LBR,2009,2800.0,3400.0,4300.0
MNE,2009,,,
MAR,2009,950.0,1300.0,1700.0
MOZ,2009,97000.0,150000.0,240000.0
MMR,2009,15000.0,17000.0,19000.0
PNG,2009,2200.0,2500.0,2800.0
PRY,2009,910.0,1300.0,2100.0
PER,2009,2900.0,4000.0,5000.0
PHL,2009,3100.0,3700.0,4200.0
SVK,2009,,,
SVN,2009,,,
SOM,2009,710.0,880.0,1100.0
ZAF,2009,420000.0,450000.0,480000.0
TUN,2009,,,690.0
TUR,2009,,,
TKM,2009,,,
UGA,2009,88000.0,97000.0,110000.0
AFG,2010,,700.0,1800.0
ALB,2010,,,
DZA,2010,690.0,1200.0,1700.0
AGO,2010,22000.0,26000.0,31000.0
ARG,2010,4600.0,5700.0,7500.0
BTN,2010,,,
BOL,2010,820.0,1100.0,1400.0
BIH,2010,,,
BWA,2010,14000.0,14000.0,15000.0
COL,2010,8700.0,12000.0,15000.0
COM,2010,,,
COG,2010,5000.0,6400.0,7900.0
CRI,2010,540.0,730.0,940.0
GNQ,2010,3000.0,3800.0,4700.0
ERI,2010,520.0,800.0,1200.0
EST,2010,,,
SWZ,2010,12000.0,13000.0,14000.0
GNB,2010,2600.0,3000.0,3400.0
GUY,2010,,,560.0
HTI,2010,7900.0,9000.0,10000.0
HND,2010,660.0,900.0,1200.0
KWT,2010,,,
KGZ,2010,780.0,780.0,780.0
LAO,2010,950.0,1100.0,1200.0
LVA,2010,,,530.0
MUS,2010,700.0,900.0,1100.0
MEX,2010,,,
MNG,2010,,,
MNE,2010,,,
OMN,2010,,,
PAK,2010,13000.0,14000.0,16000.0
PAN,2010,,,
PNG,2010,2300.0,2600.0,2800.0
PRY,2010,840.0,1200.0,1900.0
SRB,2010,,,
SLE,2010,5200.0,5900.0,6900.0
SGP,2010,,520.0,590.0
SVK,2010,,,
TLS,2010,,,
TGO,2010,6000.0,7200.0,9100.0
TTO,2010,,,500.0
TUN,2010,,,760.0
ZMB,2010,51000.0,60000.0,72000.0
ZWE,2010,50000.0,71000.0,97000.0
AFG,2011,,760.0,2000.0
ALB,2011,,,
BEL,2011,,,
BLZ,2011,,,
BEN,2011,2300.0,4600.0,9300.0
BTN,2011,,,
TCD,2011,5400.0,7200.0,8900.0
CHL,2011,3100.0,3700.0,4400.0
CHN,2011,,,
COL,2011,8800.0,12000.0,15000.0
ECU,2011,1700.0,2700.0,5000.0
EGY,2011,830.0,1200.0,1600.0
SLV,2011,1300.0,1600.0,2000.0
GNQ,2011,3200.0,4100.0,5400.0
GRC,2011,,,
GTM,2011,1200.0,1800.0,2600.0
GIN,2011,5500.0,7000.0,8600.0
GNB,2011,2500.0,2900.0,3300.0
GUY,2011,,,550.0
JOR,2011,,,
KAZ,2011,1900.0,2200.0,2300.0
KEN,2011,44000.0,68000.0,100000.0
KWT,2011,,,
MLI,2011,,,
MLT,2011,,,
MRT,2011,,,
MUS,2011,600.0,780.0,950.0
MKD,2011,,,
NOR,2011,,,
OMN,2011,,,
PAK,2011,13000.0,15000.0,16000.0
RWA,2011,7000.0,8600.0,9700.0
SAU,2011,,,
SEN,2011,1700.0,2100.0,2600.0
SRB,2011,,,
SYR,2011,,,
TJK,2011,990.0,1100.0,1400.0
THA,2011,13000.0,15000.0,16000.0
TLS,2011,,,
VEN,2011,5500.0,7100.0,8800.0
VNM,2011,13000.0,15000.0,16000.0
YEM,2011,520.0,870.0,1400.0
ZMB,2011,51000.0,60000.0,72000.0
BGD,2012,,,
BRB,2012,,,
BLR,2012,1600.0,2100.0,2700.0
BEL,2012,,,
BLZ,2012,,,
CAN,2012,,,
CPV,2012,,,
CAF,2012,6100.0,8100.0,11000.0
TCD,2012,5200.0,7000.0,8800.0
DNK,2012,,,
DJI,2012,,,520.0
DOM,2012,2300.0,3000.0,4000.0
ECU,2012,1700.0,2600.0,4900.0
DEU,2012,,,
GHA,2012,15000.0,22000.0,31000.0
GRC,2012,,,
GTM,2012,1100.0,1700.0,2500.0
ITA,2012,1300.0,4000.0,8100.0
JAM,2012,1300.0,1900.0,2900.0
JPN,2012,,,
JOR,2012,,,
MWI,2012,44000.0,48000.0,52000.0
MYS,2012,4900.0,5400.0,5800.0
MDV,2012,,,
MLI,2012,,,
NIC,2012,,530.0,750.0
NER,2012,1100.0,1400.0,1900.0
NGA,2012,69000.0,120000.0,200000.0
MKD,2012,,,
MDA,2012,880.0,1200.0,1600.0
ROU,2012,650.0,830.0,1100.0
RUS,2012,,,
RWA,2012,6500.0,8100.0,9400.0
SAU,2012,,,
SUR,2012,,,
SWE,2012,,,
CHE,2012,,520.0,740.0
SYR,2012,,,
USA,2012,34000.0,40000.0,47000.0
URY,2012,,,
UZB,2012,3900.0,4100.0,4400.0
VEN,2012,5100.0,6800.0,8600.0
BHS,2013,,,
BHR,2013,,,
BGD,2013,,,
BRB,2013,,,
BDI,2013,2500.0,3400.0,4500.0
KHM,2013,1300.0,1500.0,1700.0
CMR,2013,24000.0,27000.0,30000.0
CAN,2013,,,
CZE,2013,,,
PRK,2013,,,
COD,2013,25000.0,32000.0,40000.0
DNK,2013,,,
GAB,2013,1500.0,2400.0,3400.0
GMB,2013,1500.0,2100.0,2800.0
GEO,2013,,,
DEU,2013,,,
IRN,2013,1900.0,4600.0,10000.0
IRL,2013,,,
ISR,2013,,,
ITA,2013,1100.0,3800.0,8000.0
JAM,2013,1300.0,1800.0,2900.0
LTU,2013,,,
LUX,2013,,,
MDG,2013,2800.0,3300.0,4100.0
MWI,2013,42000.0,46000.0,51000.0
NPL,2013,1200.0,1300.0,1500.0
NLD,2013,740.0,810.0,890.0
NZL,2013,,,
NIC,2013,,510.0,710.0
PRT,2013,,,
QAT,2013,,,
KOR,2013,,,
MDA,2013,810.0,1100.0,1500.0
ROU,2013,640.0,820.0,1100.0
ESP,2013,2900.0,3900.0,5000.0
LKA,2013,,,
SDN,2013,2800.0,3600.0,4600.0
SUR,2013,,,
ARE,2013,,,
GBR,2013,,,
TZA,2013,84000.0,91000.0,99000.0
USA,2013,32000.0,39000.0,45000.0
AUS,2014,610.0,1000.0,1500.0
AUT,2014,,,
AZE,2014,,690.0,990.0
BHS,2014,,,
BRN,2014,,,
BGR,2014,,,
BFA,2014,2600.0,3800.0,5200.0
BDI,2014,2300.0,3200.0,4300.0
KHM,2014,1200.0,1300.0,1500.0
HRV,2014,,,
CUB,2014,1300.0,2300.0,3700.0
CYP,2014,,,
CZE,2014,,,
FJI,2014,,,
FIN,2014,,,
FRA,2014,5400.0,6600.0,7900.0
GAB,2014,1400.0,2200.0,3300.0
ISL,2014,,,
IND,2014,,,
IDN,2014,,,
IRN,2014,1700.0,4500.0,11000.0
IRL,2014,,,
LSO,2014,13000.0,15000.0,16000.0
LBR,2014,2200.0,2900.0,4000.0
LBY,2014,,670.0,890.0
LTU,2014,,,
MOZ,2014,95000.0,150000.0,230000.0
MMR,2014,12000.0,14000.0,15000.0
NAM,2014,7200.0,8400.0,9600.0
NPL,2014,1100.0,1200.0,1300.0
PHL,2014,7400.0,8900.0,10000.0
POL,2014,,,
PRT,2014,,,
QAT,2014,,,
SOM,2014,,,600.0
ZAF,2014,280000.0,310000.0,330000.0
SSD,2014,13000.0,18000.0,23000.0
ESP,2014,2800.0,3800.0,4800.0
LKA,2014,,,
TKM,2014,,,
UGA,2014,63000.0,72000.0,88000.0
UKR,2014,12000.0,14000.0,16000.0
ARE,2014,,,
AGO,2015,20000.0,26000.0,32000.0
ARG,2015,4700.0,6100.0,8300.0
ARM,2015,,,
AUS,2015,600.0,1000.0,1500.0
BIH,2015,,,
BWA,2015,10000.0,12000.0,13000.0
BRA,2015,24000.0,50000.0,74000.0
BRN,2015,,,
BGR,2015,,,
COG,2015,4800.0,7200.0,11000.0
CRI,2015,630.0,870.0,1100.0
CIV,2015,14000.0,19000.0,23000.0
HRV,2015,,,
EST,2015,,,
SWZ,2015,8900.0,10000.0,11000.0
ETH,2015,9700.0,18000.0,31000.0
FJI,2015,,,
HND,2015,820.0,1100.0,1500.0
HUN,2015,,,
ISL,2015,,,
IND,2015,,,
LAO,2015,800.0,900.0,990.0
LVA,2015,,,500.0
LBN,2015,,,
LSO,2015,12000.0,13000.0,15000.0
MNG,2015,,,
MNE,2015,,,
MAR,2015,760.0,1000.0,1500.0
MOZ,2015,93000.0,150000.0,230000.0
PNG,2015,2700.0,3100.0,3500.0
PRY,2015,810.0,1200.0,1900.0
PER,2015,2900.0,3900.0,5000.0
PHL,2015,8400.0,10000.0,12000.0
SGP,2015,,,
SVK,2015,,,
SVN,2015,,,
SOM,2015,,,580.0
ZAF,2015,260000.0,280000.0,310000.0
TTO,2015,,,
TUN,2015,,600.0,940.0
TUR,2015,,,
TKM,2015,,,
AFG,2016,,1200.0,4200.0
ALB,2016,,,
DZA,2016,610.0,1900.0,3000.0
AGO,2016,20000.0,26000.0,33000.0
BTN,2016,,,
BOL,2016,760.0,1000.0,1300.0
BIH,2016,,,
BWA,2016,9700.0,11000.0,12000.0
CHN,2016,,,
COL,2016,8200.0,12000.0,17000.0
COM,2016,,,
COG,2016,4700.0,7400.0,12000.0
SLV,2016,870.0,1100.0,1400.0
GNQ,2016,3000.0,4800.0,7500.0
ERI,2016,,,780.0
EST,2016,,,
GNB,2016,1900.0,2300.0,2800.0
GUY,2016,,,510.0
HTI,2016,5500.0,6900.0,8600.0
HND,2016,810.0,1100.0,1600.0
KEN,2016,32000.0,49000.0,76000.0
KWT,2016,,,
KGZ,2016,990.0,990.0,990.0
LAO,2016,770.0,870.0,950.0
LVA,2016,,,
MRT,2016,,,
MUS,2016,,650.0,910.0
MEX,2016,,,
MNG,2016,,,
OMN,2016,,,
PAK,2016,18000.0,20000.0,22000.0
PAN,2016,,,
PNG,2016,2800.0,3200.0,3600.0
SRB,2016,,,
SLE,2016,4200.0,5400.0,6600.0
SGP,2016,,,
SVK,2016,,,
THA,2016,7300.0,8100.0,8900.0
TLS,2016,,,
TGO,2016,4000.0,5300.0,7300.0
TTO,2016,,,
YEM,2016,,990.0,1900.0
ZMB,2016,48000.0,56000.0,67000.0
ZWE,2016,33000.0,47000.0,64000.0
AFG,2017,,1300.0,4800.0
BEL,2017,,,
BLZ,2017,,,
BEN,2017,1800.0,3700.0,7300.0
BTN,2017,,,
CAF,2017,3600.0,5600.0,8600.0
TCD,2017,3800.0,5700.0,7700.0
CHL,2017,4100.0,5100.0,6200.0
CHN,2017,,,
COL,2017,8100.0,12000.0,17000.0
DOM,2017,1900.0,2900.0,3800.0
ECU,2017,1600.0,2600.0,5000.0
EGY,2017,2500.0,3600.0,4800.0
SLV,2017,790.0,990.0,1400.0
GRC,2017,,,
GTM,2017,850.0,1300.0,1800.0
GIN,2017,4400.0,5900.0,7900.0
GNB,2017,1800.0,2200.0,2600.0
JOR,2017,,,
KAZ,2017,3100.0,3500.0,4100.0
KEN,2017,30000.0,47000.0,72000.0
KWT,2017,,,
MDV,2017,,,
MLI,2017,,,
MLT,2017,,,
MRT,2017,,,
NGA,2017,60000.0,100000.0,170000.0
MKD,2017,,,
NOR,2017,,,
OMN,2017,,,
RWA,2017,4400.0,5800.0,7500.0
SAU,2017,,,
SEN,2017,1200.0,1500.0,2000.0
SRB,2017,,,
CHE,2017,,,580.0
SYR,2017,,,
TJK,2017,1100.0,1400.0,1900.0
THA,2017,6400.0,7100.0,7800.0
TLS,2017,,,
UZB,2017,4200.0,4500.0,4900.0
VEN,2017,3800.0,5500.0,7400.0
VNM,2017,6000.0,6700.0,7300.0
YEM,2017,,1000.0,2000.0
ARG,2018,4100.0,5700.0,8100.0
ARM,2018,,,
AUS,2018,,880.0,1500.0
BIH,2018,,,
BWA,2018,8600.0,9900.0,12000.0
BRA,2018,23000.0,48000.0,70000.0
BRN,2018,,,
COG,2018,4500.0,7700.0,14000.0
CRI,2018,670.0,940.0,1200.0
CIV,2018,10000.0,14000.0,20000.0
HRV,2018,,,
EST,2018,,,
SWZ,2018,4200.0,5300.0,6400.0
ETH,2018,8200.0,15000.0,26000.0
FJI,2018,,,
HTI,2018,4300.0,5800.0,7600.0
HND,2018,780.0,1100.0,1500.0
HUN,2018,,,
ISL,2018,,,
IND,2018,,,
LAO,2018,720.0,810.0,880.0
LVA,2018,,,
LBN,2018,,,
LSO,2018,9500.0,11000.0,13000.0
MNG,2018,,,
MNE,2018,,,
MAR,2018,660.0,890.0,1300.0
MOZ,2018,86000.0,140000.0,210000.0
PAN,2018,,,
PNG,2018,2900.0,3400.0,3900.0
PRY,2018,690.0,1100.0,1700.0
PER,2018,2600.0,3600.0,4900.0
PHL,2018,12000.0,14000.0,16000.0
SGP,2018,,,
SVK,2018,,,
SVN,2018,,,
SOM,2018,,,560.0
TTO,2018,,,
TUN,2018,,620.0,1100.0
TUR,2018,,,
TKM,2018,,,
AFG,2019,,1500.0,5500.0
ALB,2019,,,
DZA,2019,,2100.0,4100.0
AGO,2019,19000.0,26000.0,35000.0
BEN,2019,1700.0,3500.0,6900.0
BTN,2019,,,
BOL,2019,700.0,940.0,1300.0
BIH,2019,,,
BWA,2019,8000.0,9500.0,11000.0
CHN,2019,,,
COL,2019,8400.0,12000.0,20000.0
COM,2019,,,
COG,2019,4400.0,8000.0,16000.0
SLV,2019,670.0,870.0,1300.0
GNQ,2019,2900.0,5200.0,9100.0
ERI,2019,,,720.0
EST,2019,,,
GIN,2019,3500.0,4800.0,6700.0
GNB,2019,1700.0,2100.0,2600.0
GUY,2019,,,
HTI,2019,4200.0,5700.0,7600.0
HND,2019,760.0,1100.0,1600.0
KEN,2019,27000.0,42000.0,65000.0
KWT,2019,,,
KGZ,2019,930.0,930.0,930.0
LAO,2019,700.0,780.0,860.0
MRT,2019,,,
MUS,2019,,730.0,1100.0
MEX,2019,,,
MNG,2019,,,
OMN,2019,,,
PAK,2019,23000.0,25000.0,27000.0
PAN,2019,,,
PNG,2019,2800.0,3300.0,4000.0
SEN,2019,1100.0,1400.0,2000.0
SRB,2019,,,
SLE,2019,3500.0,4900.0,6300.0
SGP,2019,,,
THA,2019,4900.0,5400.0,6000.0
TLS,2019,,,
TGO,2019,3100.0,4500.0,6700.0
TTO,2019,,,
YEM,2019,,1000.0,2200.0
ZMB,2019,43000.0,51000.0,61000.0
ZWE,2019,28000.0,40000.0,54000.0
AUT,2018,,,
BHS,2018,,,
BEN,2018,1800.0,3600.0,7200.0
BOL,2018,730.0,960.0,1300.0
BGR,2018,,,
BDI,2018,1300.0,2000.0,3100.0
CMR,2018,14000.0,18000.0,22000.0
CHL,2018,4000.0,5100.0,6200.0
COL,2018,8200.0,12000.0,18000.0
CYP,2018,,,
PRK,2018,,,
ECU,2018,1500.0,2500.0,4900.0
SLV,2018,730.0,930.0,1400.0
ERI,2018,,,730.0
FIN,2018,,,
GAB,2018,810.0,1600.0,2700.0
GIN,2018,3900.0,5400.0,7400.0
GUY,2018,,,
IRN,2018,1200.0,4100.0,12000.0
ISR,2018,,,
KAZ,2018,3100.0,3600.0,4300.0
KWT,2018,,,
LBY,2018,,,620.0
LUX,2018,,,
MRT,2018,,,
MEX,2018,,,
MMR,2018,9500.0,11000.0,12000.0
NPL,2018,750.0,830.0,910.0
NOR,2018,,,
PAK,2018,21000.0,23000.0,25000.0
PRT,2018,,,
KOR,2018,,,
SAU,2018,,,
SRB,2018,,,
SSD,2018,12000.0,18000.0,25000.0
LKA,2018,,,
THA,2018,5600.0,6300.0,6900.0
TGO,2018,3400.0,4700.0,6900.0
UGA,2018,45000.0,55000.0,74000.0
ARE,2018,,,
VNM,2018,5100.0,5700.0,6300.0
ZMB,2018,46000.0,55000.0,66000.0
ARM,2019,,,
AUT,2019,,,
BRB,2019,,,
BEL,2019,,,
BRA,2019,23000.0,48000.0,71000.0
BGR,2019,,,
CAF,2019,2900.0,4900.0,8200.0
CHL,2019,3900.0,5100.0,6300.0
CRI,2019,680.0,960.0,1200.0
HRV,2019,,,
DJI,2019,,,
ECU,2019,1400.0,2400.0,4800.0
ETH,2019,8100.0,15000.0,26000.0
FIN,2019,,,
DEU,2019,,,
GRC,2019,,,
HUN,2019,,,
IND,2019,,,
JPN,2019,,,
KAZ,2019,3100.0,3700.0,4500.0
LVA,2019,,,
LSO,2019,9400.0,11000.0,13000.0
LBY,2019,,,580.0
MYS,2019,5500.0,6300.0,7100.0
MLI,2019,,,
MAR,2019,610.0,840.0,1200.0
MMR,2019,8800.0,10000.0,11000.0
NIC,2019,,,600.0
NGA,2019,61000.0,100000.0,180000.0
NOR,2019,,,
PRY,2019,690.0,1100.0,1700.0
PHL,2019,13000.0,16000.0,18000.0
RUS,2019,,,
SAU,2019,,,
SVK,2019,,,
SOM,2019,,,560.0
SSD,2019,13000.0,19000.0,26000.0
SWE,2019,,,
SYR,2019,,,
TUR,2019,,,
UGA,2019,43000.0,53000.0,72000.0
UZB,2019,4100.0,4400.0,4800.0
VNM,2019,4600.0,5200.0,5700.0
BGD,2018,,,
BRB,2018,,,
BLR,2018,1300.0,2000.0,3100.0
BEL,2018,,,
CAN,2018,,,
CPV,2018,,,
CAF,2018,3200.0,5300.0,8400.0
TCD,2018,3600.0,5600.0,7800.0
COD,2018,17000.0,25000.0,36000.0
DNK,2018,,,
DJI,2018,,,
DOM,2018,1800.0,2800.0,3800.0
GEO,2018,,,
DEU,2018,,,
GHA,2018,10000.0,20000.0,36000.0
GRC,2018,,,
ITA,2018,760.0,2700.0,7500.0
JAM,2018,1200.0,1700.0,2800.0
JPN,2018,,,
JOR,2018,,,
MDG,2018,4000.0,5500.0,7700.0
MWI,2018,30000.0,35000.0,40000.0
MYS,2018,5000.0,5700.0,6400.0
MDV,2018,,,
MLI,2018,,,
NZL,2018,,,
NIC,2018,,,630.0
NER,2018,1000.0,1300.0,1800.0
NGA,2018,61000.0,100000.0,170000.0
MDA,2018,570.0,780.0,1100.0
ROU,2018,620.0,790.0,1000.0
RUS,2018,,,
RWA,2018,4200.0,5600.0,7400.0
SUR,2018,,,
SWE,2018,,,
CHE,2018,,,540.0
SYR,2018,,,
TZA,2018,73000.0,82000.0,92000.0
USA,2018,31000.0,37000.0,43000.0
URY,2018,,,
UZB,2018,4200.0,4400.0,4900.0
AZE,2019,,580.0,920.0
BHS,2019,,,
BHR,2019,,,
BGD,2019,,,
BDI,2019,1200.0,1900.0,2900.0
KHM,2019,690.0,780.0,880.0
CMR,2019,14000.0,17000.0,21000.0
CAN,2019,,,
CYP,2019,,,
CZE,2019,,,
PRK,2019,,,
COD,2019,15000.0,23000.0,34000.0
DNK,2019,,,
FRA,2019,,,
GAB,2019,720.0,1500.0,2700.0
GMB,2019,1600.0,2400.0,3600.0
GEO,2019,,,
IRN,2019,1200.0,4100.0,12000.0
IRL,2019,,,
ISR,2019,,,
ITA,2019,650.0,2500.0,7900.0
LTU,2019,,,
LUX,2019,,,
MDG,2019,3900.0,5900.0,8400.0
MWI,2019,28000.0,33000.0,38000.0
NAM,2019,5700.0,6900.0,8200.0
NPL,2019,700.0,790.0,870.0
NLD,2019,,,510.0
NZL,2019,,,
PRT,2019,,,
QAT,2019,,,
KOR,2019,,,
MDA,2019,530.0,730.0,990.0
ESP,2019,1900.0,2700.0,3600.0
LKA,2019,,,
SDN,2019,2400.0,3500.0,4700.0
SUR,2019,,,
UKR,2019,10000.0,13000.0,15000.0
ARE,2019,,,
GBR,2019,,,
TZA,2019,68000.0,77000.0,87000.0
USA,2019,,,
HND,2008,620.0,860.0,1100.0
ISL,2008,,,
ISR,2008,,,
JAM,2008,1400.0,1900.0,3000.0
LAO,2008,950.0,1100.0,1200.0
LBN,2008,,,
MWI,2008,53000.0,58000.0,62000.0
MDV,2008,,,
MEX,2008,,,
MNE,2008,,,
NZL,2008,,,
NER,2008,1700.0,2100.0,2600.0
PNG,2008,2200.0,2500.0,2800.0
PER,2008,3100.0,4000.0,4800.0
KOR,2008,,,
ROU,2008,720.0,880.0,1100.0
RWA,2008,9500.0,11000.0,12000.0
SGP,2008,520.0,600.0,690.0
SVN,2008,,,
SUR,2008,,,
CHE,2008,,560.0,780.0
TGO,2008,6800.0,8200.0,10000.0
TUN,2008,,,620.0
TKM,2008,,,
TZA,2008,94000.0,100000.0,110000.0
URY,2008,,,
AFG,2009,,640.0,1600.0
DZA,2009,640.0,1000.0,1500.0
AUT,2009,,,
BHS,2009,,,
BGD,2009,,,
BEN,2009,2400.0,4900.0,9800.0
BOL,2009,900.0,1200.0,1500.0
BDI,2009,3700.0,4600.0,5800.0
CMR,2009,33000.0,36000.0,40000.0
COL,2009,7200.0,10000.0,13000.0
COG,2009,5300.0,6500.0,7900.0
CYP,2009,,,
PRK,2009,,,
SLV,2009,1600.0,1900.0,2300.0
ERI,2009,580.0,860.0,1200.0
GAB,2009,1900.0,2700.0,3500.0
GEO,2009,,,
GIN,2009,6300.0,7800.0,9500.0
GUY,2009,,510.0,580.0
IRN,2009,3100.0,4900.0,7800.0
ISR,2009,,,
KWT,2009,,,
LAO,2009,950.0,1100.0,1200.0
LBY,2009,530.0,750.0,1000.0
LUX,2009,,,
MRT,2009,,,
MEX,2009,,,
NPL,2009,2100.0,2400.0,2600.0
NZL,2009,,,
NOR,2009,,,
PAK,2009,13000.0,15000.0,17000.0
PRT,2009,,,
KOR,2009,,,
SRB,2009,,,
SGP,2009,,570.0,660.0
SSD,2009,12000.0,16000.0,20000.0
LKA,2009,,,
THA,2009,15000.0,17000.0,19000.0
TGO,2009,6500.0,7900.0,9700.0
ARE,2009,,,
TZA,2009,91000.0,97000.0,100000.0
VNM,2009,16000.0,17000.0,19000.0
ZMB,2009,51000.0,60000.0,72000.0
ARM,2010,,,
AUT,2010,,,
BEL,2010,,,
BEN,2010,2300.0,4700.0,9500.0
BRA,2010,19000.0,41000.0,60000.0
BGR,2010,,,
CAF,2010,7200.0,9000.0,11000.0
CHL,2010,2700.0,3300.0,3900.0
HRV,2010,,,
CYP,2010,,,
DJI,2010,,,630.0
ECU,2010,1700.0,2700.0,5200.0
SLV,2010,1500.0,1700.0,2100.0
ETH,2010,15000.0,28000.0,48000.0
FIN,2010,,,
GRC,2010,,,
GIN,2010,5900.0,7200.0,8900.0
HUN,2010,,,
IND,2010,,,
IRN,2010,2800.0,4800.0,8600.0
JPN,2010,,,
KAZ,2010,1800.0,2000.0,2200.0
LSO,2010,17000.0,20000.0,22000.0
LBY,2010,540.0,760.0,1000.0
MLI,2010,,,
MRT,2010,,,
MAR,2010,920.0,1200.0,1700.0
MMR,2010,14000.0,16000.0,17000.0
NGA,2010,70000.0,120000.0,200000.0
NOR,2010,,,
PHL,2010,4200.0,5100.0,5700.0
PRT,2010,,,
RUS,2010,,,
SAU,2010,,,
SOM,2010,580.0,740.0,900.0
SSD,2010,12000.0,16000.0,21000.0
SYR,2010,,,
THA,2010,14000.0,16000.0,17000.0
TUR,2010,,,
UGA,2010,85000.0,94000.0,110000.0
UZB,2010,3600.0,3700.0,3900.0
VNM,2010,14000.0,16000.0,17000.0
AGO,2011,22000.0,27000.0,32000.0
ARM,2011,,,
BHR,2011,,,
BRB,2011,,,
BIH,2011,,,
BRA,2011,20000.0,44000.0,64000.0
CAN,2011,,,
CAF,2011,6500.0,8500.0,11000.0
COM,2011,,,
CRI,2011,550.0,760.0,980.0
COD,2011,28000.0,36000.0,44000.0
DJI,2011,,,560.0
EST,2011,,,
ETH,2011,14000.0,25000.0,44000.0
GMB,2011,1500.0,2000.0,2700.0
DEU,2011,,,
HTI,2011,7500.0,8700.0,9900.0
HUN,2011,,,
ITA,2011,1500.0,4300.0,8200.0
JPN,2011,,,
KGZ,2011,880.0,880.0,880.0
LVA,2011,,,530.0
MDG,2011,1900.0,2400.0,3000.0
MYS,2011,4900.0,5300.0,5800.0
MNG,2011,,,
MAR,2011,890.0,1200.0,1600.0
NLD,2011,910.0,970.0,1000.0
NIC,2011,,550.0,770.0
NGA,2011,70000.0,120000.0,200000.0
PAN,2011,,,
PRY,2011,830.0,1200.0,1900.0
MDA,2011,960.0,1300.0,1800.0
RUS,2011,,,
SLE,2011,5000.0,5800.0,6800.0
SVK,2011,,,
SOM,2011,,620.0,760.0
SDN,2011,3000.0,3600.0,4700.0
SWE,2011,,,
TTO,2011,,,
TUR,2011,,,
GBR,2011,,,
USA,2011,34000.0,40000.0,47000.0
UZB,2011,3700.0,3900.0,4100.0
ZWE,2011,45000.0,64000.0,88000.0
ALB,2012,,,
AZE,2012,,720.0,1000.0
BHR,2012,,,
BTN,2012,,,
BIH,2012,,,
BFA,2012,3200.0,4500.0,5900.0
KHM,2012,1400.0,1600.0,1800.0
CHN,2012,,,
COM,2012,,,
CZE,2012,,,
COD,2012,27000.0,35000.0,42000.0
EGY,2012,1000.0,1400.0,2000.0
GNQ,2012,3300.0,4400.0,5900.0
FRA,2012,4700.0,5800.0,7000.0
GMB,2012,1500.0,2000.0,2700.0
GNB,2012,2400.0,2800.0,3200.0
HTI,2012,7000.0,8300.0,9700.0
IDN,2012,,,
IRL,2012,,,
KEN,2012,43000.0,66000.0,100000.0
KGZ,2012,980.0,980.0,980.0
LTU,2012,,,
MDG,2012,2300.0,2800.0,3400.0
MLT,2012,,,
MUS,2012,510.0,680.0,840.0
NAM,2012,8600.0,10000.0,11000.0
NLD,2012,830.0,890.0,960.0
OMN,2012,,,
PAN,2012,,,
POL,2012,,,
QAT,2012,,,
SEN,2012,1500.0,1900.0,2400.0
SLE,2012,4900.0,5700.0,6600.0
ESP,2012,3100.0,4100.0,5300.0
SDN,2012,2900.0,3600.0,4600.0
TJK,2012,1000.0,1200.0,1500.0
TLS,2012,,,
UKR,2012,12000.0,14000.0,17000.0
GBR,2012,,,
YEM,2012,520.0,900.0,1400.0
ZWE,2012,40000.0,57000.0,78000.0
ARG,2013,4700.0,6000.0,7900.0
AUS,2013,630.0,1000.0,1500.0
AZE,2013,,700.0,1000.0
BLR,2013,1700.0,2200.0,2800.0
BLZ,2013,,,
BRN,2013,,,
BFA,2013,3000.0,4200.0,5700.0
CPV,2013,,,
TCD,2013,4900.0,6700.0,8400.0
CHN,2013,,,
CIV,2013,16000.0,21000.0,26000.0
CUB,2013,1400.0,2400.0,3700.0
DOM,2013,2200.0,3000.0,4000.0
EGY,2013,1200.0,1700.0,2300.0
SWZ,2013,11000.0,12000.0,13000.0
FJI,2013,,,
FRA,2013,4900.0,6000.0,7100.0
GHA,2013,14000.0,22000.0,32000.0
GTM,2013,1000.0,1500.0,2300.0
ISL,2013,,,
IDN,2013,,,
JOR,2013,,,
KEN,2013,41000.0,64000.0,99000.0
LBN,2013,,,
LBR,2013,2300.0,3000.0,4100.0
MDV,2013,,,
MLT,2013,,,
MOZ,2013,97000.0,150000.0,240000.0
NAM,2013,8100.0,9500.0,11000.0
NER,2013,1100.0,1400.0,1900.0
MKD,2013,,,
PER,2013,2800.0,3800.0,4900.0
POL,2013,,,
RWA,2013,5800.0,7300.0,8700.0
SEN,2013,1400.0,1700.0,2300.0
SVN,2013,,,
ZAF,2013,300000.0,330000.0,360000.0
CHE,2013,,,730.0
TJK,2013,1100.0,1200.0,1600.0
TKM,2013,,,
UKR,2013,12000.0,14000.0,16000.0
URY,2013,,,
VEN,2013,4800.0,6500.0,8400.0
DZA,2014,810.0,1700.0,2600.0
ARG,2014,4600.0,5900.0,7900.0
BGD,2014,,,
BLR,2014,1700.0,2300.0,3100.0
BOL,2014,850.0,1100.0,1400.0
BWA,2014,11000.0,12000.0,13000.0
CMR,2014,23000.0,25000.0,28000.0
CPV,2014,,,
COG,2014,4800.0,7000.0,9700.0
CIV,2014,16000.0,20000.0,24000.0
PRK,2014,,,
DNK,2014,,,
ERI,2014,,,840.0
SWZ,2014,11000.0,12000.0,13000.0
GEO,2014,,,
GHA,2014,13000.0,22000.0,32000.0
GUY,2014,,,520.0
HND,2014,810.0,1100.0,1400.0
ISR,2014,,,
JAM,2014,1300.0,1800.0,2900.0
LAO,2014,840.0,940.0,1000.0
LBN,2014,,,
LUX,2014,,,
MWI,2014,40000.0,44000.0,48000.0
MDV,2014,,,
MEX,2014,,,
MNE,2014,,,
NZL,2014,,,
NER,2014,1000.0,1300.0,1800.0
PAK,2014,16000.0,18000.0,19000.0
PNG,2014,2600.0,2900.0,3300.0
PER,2014,2900.0,3900.0,5000.0
KOR,2014,,,
ROU,2014,640.0,810.0,1100.0
SGP,2014,,,
SVN,2014,,,
SUR,2014,,,
CHE,2014,,,710.0
TGO,2014,4600.0,5700.0,7600.0
TUN,2014,,590.0,870.0
TZA,2014,84000.0,91000.0,100000.0
URY,2014,,,
AFG,2015,,1100.0,3700.0
DZA,2015,780.0,1800.0,2800.0
AUT,2015,,,
BHS,2015,,,
BEN,2015,1900.0,4000.0,8000.0
BOL,2015,820.0,1100.0,1400.0
BDI,2015,1900.0,2800.0,4000.0
CMR,2015,20000.0,23000.0,26000.0
CHL,2015,4000.0,4900.0,5800.0
COL,2015,8400.0,12000.0,17000.0
CYP,2015,,,
PRK,2015,,,
SLV,2015,920.0,1100.0,1500.0
ERI,2015,,,790.0
FIN,2015,,,
GAB,2015,1200.0,2100.0,3200.0
GIN,2015,4800.0,6200.0,8000.0
GUY,2015,,,510.0
IRN,2015,1600.0,4400.0,11000.0
ISR,2015,,,
KAZ,2015,2800.0,3100.0,3500.0
KWT,2015,,,
LBY,2015,,630.0,840.0
LUX,2015,,,
MRT,2015,,,
MEX,2015,,,
MMR,2015,12000.0,13000.0,15000.0
NPL,2015,1000.0,1100.0,1200.0
NOR,2015,,,
PAK,2015,17000.0,19000.0,21000.0
PRT,2015,,,
KOR,2015,,,
SAU,2015,,,
SRB,2015,,,
SSD,2015,13000.0,18000.0,23000.0
LKA,2015,,,
THA,2015,8600.0,9500.0,10000.0
TGO,2015,4300.0,5500.0,7400.0
UGA,2015,58000.0,67000.0,83000.0
ARE,2015,,,
TZA,2015,82000.0,90000.0,98000.0
VNM,2015,8600.0,9600.0,11000.0
ZMB,2015,49000.0,58000.0,70000.0
ARM,2016,,,
AUT,2016,,,
BRB,2016,,,
BEL,2016,,,
BEN,2016,1800.0,3800.0,7500.0
BRA,2016,22000.0,47000.0,69000.0
BGR,2016,,,
CAF,2016,3800.0,5800.0,8900.0
CHL,2016,4100.0,5000.0,6000.0
CRI,2016,650.0,890.0,1200.0
HRV,2016,,,
CYP,2016,,,
DJI,2016,,,
ECU,2016,1700.0,2600.0,5000.0
ETH,2016,9400.0,17000.0,31000.0
FIN,2016,,,
GRC,2016,,,
GIN,2016,4500.0,5900.0,7800.0
HUN,2016,,,
IND,2016,,,
JPN,2016,,,
KAZ,2016,2800.0,3200.0,3600.0
LSO,2016,11000.0,13000.0,14000.0
LBY,2016,,580.0,770.0
MYS,2016,4800.0,5400.0,5900.0
MLI,2016,,,
MAR,2016,710.0,970.0,1400.0
MMR,2016,11000.0,13000.0,14000.0
NGA,2016,60000.0,100000.0,170000.0
NOR,2016,,,
PRY,2016,790.0,1200.0,1800.0
PHL,2016,9200.0,11000.0,13000.0
RUS,2016,,,
SAU,2016,,,
SOM,2016,,,570.0
SSD,2016,13000.0,18000.0,24000.0
SWE,2016,,,
SYR,2016,,,
TUR,2016,,,
UGA,2016,56000.0,65000.0,81000.0
UZB,2016,4200.0,4500.0,4900.0
VNM,2016,7200.0,8000.0,8800.0
ALB,2017,,,
AGO,2017,21000.0,27000.0,34000.0
BHR,2017,,,
BRB,2017,,,
BIH,2017,,,
BRA,2017,22000.0,47000.0,70000.0
KHM,2017,930.0,1000.0,1200.0
CAN,2017,,,
COM,2017,,,
CRI,2017,660.0,920.0,1200.0
COD,2017,18000.0,27000.0,37000.0
DJI,2017,,,
GNQ,2017,2900.0,5000.0,7900.0
EST,2017,,,
ETH,2017,9000.0,17000.0,29000.0
GMB,2017,1600.0,2300.0,3300.0
DEU,2017,,,
HTI,2017,4800.0,6300.0,8100.0
HUN,2017,,,
IRL,2017,,,
ITA,2017,870.0,2900.0,7500.0
JPN,2017,,,
KGZ,2017,980.0,980.0,980.0
LVA,2017,,,
MDG,2017,3900.0,5200.0,7000.0
MYS,2017,4700.0,5300.0,5900.0
MUS,2017,,690.0,1000.0
MNG,2017,,,
MAR,2017,670.0,930.0,1400.0
NLD,2017,,,550.0
NIC,2017,,,650.0
PAN,2017,,,
PRY,2017,720.0,1100.0,1800.0
MDA,2017,600.0,810.0,1100.0
RUS,2017,,,
SLE,2017,4000.0,5300.0,6500.0
SVK,2017,,,
SDN,2017,2500.0,3500.0,4600.0
SWE,2017,,,
TTO,2017,,,
TUR,2017,,,
GBR,2017,,,
USA,2017,31000.0,37000.0,43000.0
ZWE,2017,31000.0,44000.0,60000.0
ALB,2018,,,
AZE,2018,,620.0,930.0
BHR,2018,,,
BLZ,2018,,,
BTN,2018,,,
BFA,2018,1900.0,2900.0,4400.0
KHM,2018,760.0,860.0,960.0
CHN,2018,,,
COM,2018,,,
CUB,2018,1000.0,1800.0,2800.0
CZE,2018,,,
EGY,2018,3000.0,4200.0,5800.0
GNQ,2018,2800.0,5000.0,8300.0
FRA,2018,,,
GMB,2018,1500.0,2300.0,3500.0
GTM,2018,790.0,1200.0,1800.0
GNB,2018,1800.0,2200.0,2700.0
IDN,2018,,,
IRL,2018,,,
KEN,2018,28000.0,43000.0,66000.0
KGZ,2018,950.0,950.0,950.0
LBR,2018,1600.0,2300.0,3400.0
LTU,2018,,,
MLT,2018,,,
MUS,2018,,710.0,1100.0
NAM,2018,6100.0,7200.0,8600.0
NLD,2018,,,510.0
MKD,2018,,,
OMN,2018,,,
POL,2018,,,
QAT,2018,,,
SEN,2018,1100.0,1500.0,2000.0
SLE,2018,3700.0,5000.0,6400.0
ZAF,2018,190000.0,220000.0,240000.0
ESP,2018,2000.0,2800.0,3700.0
SDN,2018,2400.0,3500.0,4700.0
TJK,2018,1200.0,1400.0,2000.0
TLS,2018,,,
UKR,2018,11000.0,13000.0,16000.0
GBR,2018,,,
VEN,2018,3500.0,5300.0,7200.0
YEM,2018,,1000.0,2100.0
ZWE,2018,28000.0,40000.0,54000.0
ARG,2019,4300.0,5900.0,8500.0
AUS,2019,,820.0,1400.0
BLR,2019,1200.0,1900.0,3100.0
BLZ,2019,,,
BRN,2019,,,
BFA,2019,1800.0,2700.0,4200.0
CPV,2019,,,
TCD,2019,3200.0,5200.0,7700.0
CIV,2019,8500.0,12000.0,17000.0
CUB,2019,940.0,1700.0,2700.0
DOM,2019,1700.0,2800.0,3800.0
EGY,2019,3500.0,5000.0,7000.0
SWZ,2019,3500.0,4500.0,5600.0
FJI,2019,,,
GHA,2019,9900.0,20000.0,37000.0
GTM,2019,760.0,1100.0,1700.0
ISL,2019,,,
IDN,2019,,,
JAM,2019,1100.0,1600.0,2700.0
JOR,2019,,,
LBN,2019,,,
LBR,2019,1500.0,2200.0,3300.0
MDV,2019,,,
MLT,2019,,,
MNE,2019,,,
MOZ,2019,84000.0,130000.0,210000.0
NER,2019,990.0,1300.0,1900.0
MKD,2019,,,
PER,2019,2400.0,3300.0,4500.0
POL,2019,,,
ROU,2019,600.0,780.0,1000.0
RWA,2019,3700.0,5300.0,7100.0
SVN,2019,,,
ZAF,2019,180000.0,200000.0,220000.0
CHE,2019,,,520.0
TJK,2019,1300.0,1600.0,2200.0
TUN,2019,,620.0,1100.0
TKM,2019,,,
URY,2019,,,
VEN,2019,3200.0,5200.0,7400.0
